Date,FarmName,Plot Area in m2,Activity,Image_url,sequence of visit,tillage,DAP(kg),MOP(kg),SEED,GERMINATION VALUE(%),Channels Constructed,Sprinker installed,Irrigation Done,Seed Variety,Activity image,Growth Stage/Alert,Weeding,Soil,Severity,Weeding Done,Fertilization Done,Tiller value
15/05/2024,Charan Das Plot 1,1224,Field Preparation,,,2 times,,,,,,,,1207,,,,,,,,
15/05/2024,Charan Das Plot 1,1224,Fertilizer application,,,,15,15,,,,,,1207,,,,,,,TRUE,
15/05/2024,Charan Das Plot 1,1224,sowing,,,,,,12,,,,,1207,,,,,,,,
15/05/2024,Charan Das Plot 2,1620,Field Preparation,,,2 times,,,,,,,,1207,,,,,,,,
15/05/2024,Charan Das Plot 2,1620,Fertilizer application,,,,20,20,,,,,,1207,,,,,,,TRUE,
15/05/2024,Charan Das Plot 2,1620,sowing,,,,,,16,,,,,1207,,,,,,,,
16/05/2024,Charan Das Plot 3,997,sowing,,,,,,9.8,,,,,1207,,,,,,,,
15/05/2024,Charan Das Plot 3,997,Field Preparation,,,2 times,,,,,,,,1207,,,,,,,,
15/05/2024,Charan Das Plot 3,997,Fertilizer Application,,,,12.5,12.5,,,,,,1207,,,,,,,TRUE,
16/05/2024,Charan Das Plot 4,862,sowing,,,,,,8.5,,,,,1207,,,,,,,,
15/05/2024,Charan Das Plot 4,862,Field Preparation,,,2 times,,,,,,,,1207,,,,,,,,
15/05/2024,Charan Das Plot 4,862,Fertilizer Application,,,,10.65,10.65,,,,,,1207,,,,,,,TRUE,
16/05/2024,Charan Das Plot 5,1249,Field Preparation,,,2 times,,,,,,,,1207,,,,,,,,
16/05/2024,Charan Das Plot 5,1249,Fertilizer application,,,,15.5,15.5,,,,,,1207,,,,,,,TRUE,
16/05/2024,Charan Das Plot 5,1249,sowing,,,,,,12.35,,,,,1207,,,,,,,,
16/05/2024,Charan Das Plot 6,3681,Field Preparation,,,2 times,,,,,,,,1207,,,,,,,,
16/05/2024,Charan Das Plot 6,3681,Fertilizer application,,,,45.5,45.5,,,,,,1207,,,,,,,TRUE,
16/05/2024,Charan Das Plot 6,3681,sowing,,,,,,36,,,,,1207,,,,,,,,
16/05/2024,Charan Das Plot 7,386,Field Preparation,,,2 times,,,,,,,,1207,,,,,,,,
16/05/2024,Charan Das Plot 7,386,Fertilizer application,,,,4.8,4.8,,,,,,1207,,,,,,,TRUE,
16/05/2024,Charan Das Plot 7,386,sowing,,,,,,3.8,,,,,1207,,,,,,,,
16/05/2024,Charan Das Plot 8,981,Field Preparation,,,2 times,,,,,,,,1207,,,,,,,,
16/05/2024,Charan Das Plot 8,981,Fertilizer application,,,,12.5,12.5,,,,,,1207,,,,,,,TRUE,
16/05/2024,Charan Das Plot 8,981,sowing,,,,,,9.7,,,,,1207,,,,,,,,
16/05/2024,Charan Das Plot 9,338,Field Preparation,,,2 times,,,,,,,,1207,,,,,,,,
16/05/2024,Charan Das Plot 9,338,Fertilizer application,,,,4.2,4.2,,,,,,1207,,,,,,,TRUE,
16/05/2024,Charan Das Plot 9,338,sowing,,,,,,3.4,,,,,1207,,,,,,,,
16/05/2024,Charan Das Plot 10,1436,Field Preparation,,,2 times,,,,,,,,1207,,,,,,,,
16/05/2024,Charan Das Plot 10,1436,Fertilizer application,,,,17.25,17.25,,,,,,1207,,,,,,,TRUE,
16/05/2024,Charan Das Plot 10,1436,sowing,,,,,,14.2,,,,,1207,,,,,,,,
16/05/2024,Charan Das Plot 11,1382,Field Preparation,,,2 times,,,,,,,,1207,,,,,,,,
16/05/2024,Charan Das Plot 11,1382,Fertilizer application,,,,17,17,,,,,,1207,,,,,,,TRUE,
16/05/2024,Charan Das Plot 11,1382,sowing,,,,,,13.5,,,,,1207,,,,,,,,
16/05/2024,Charan Das Plot 12,1227,Field Preparation,,,2 times,,,,,,,,1207,,,,,,,,
16/05/2024,Charan Das Plot 12,1227,Fertilizer application,,,,15.5,15.5,,,,,,1207,,,,,,,TRUE,
16/05/2024,Charan Das Plot 12,1227,sowing,,,,,,12.132,,,,,1207,,,,,,,,
16/05/2024,Charan Das Plot 13,396,Field Preparation,,,2 times,,,,,,,,1207,,,,,,,,
16/05/2024,Charan Das Plot 13,396,Fertilizer application,,,,4.9,4.9,,,,,,1207,,,,,,,TRUE,
16/05/2024,Charan Das Plot 13,396,sowing,,,,,,3.915,,,,,1207,,,,,,,,
16/05/2024,Charan Das Plot 14,776,Field Preparation,,,2 times,,,,,,,,1207,,,,,,,,
16/05/2024,Charan Das Plot 14,776,Fertilizer application,,,,9.6,9.6,,,,,,1207,,,,,,,TRUE,
16/05/2024,Charan Das Plot 14,776,sowing,,,,,,7.6,,,,,1207,,,,,,,,
16/05/2024,Charan Das Plot 15,1013,Field Preparation,,,2 times,,,,,,,,1207,,,,,,,,
16/05/2024,Charan Das Plot 15,1013,Fertilizer application,,,,12.5,12.5,,,,,,1207,,,,,,,TRUE,
16/05/2024,Charan Das Plot 15,1013,sowing,,,,,,10,,,,,1207,,,,,,,,
16/05/2024,Charan Das Plot 16,164,Field Preparation,,,2 times,,,,,,,,1207,,,,,,,,
16/05/2024,Charan Das Plot 16,164,Fertilizer application,,,,2,2,,,,,,1207,,,,,,,TRUE,
16/05/2024,Charan Das Plot 16,164,sowing,,,,,,1.6,,,,,1207,,,,,,,,
16/05/2024,Charan Das Plot 17,2781,Field Preparation,,,2 times,,,,,,,,1207,,,,,,,,
16/05/2024,Charan Das Plot 17,2781,Fertilizer application,,,,35,35,,,,,,1207,,,,,,,TRUE,
16/05/2024,Charan Das Plot 17,2781,sowing,,,,,,27.5,,,,,1207,,,,,,,,
17/05/2024,Charan Das Plot 18,938,Field Preparation,,,2 times,,,,,,,,1207,,,,,,,,
17/05/2024,Charan Das Plot 18,938,Fertilizer application,,,,11.8,11.8,,,,,,1207,,,,,,,TRUE,
17/05/2024,Charan Das Plot 18,938,sowing,,,,,,9.27,,,,,1207,,,,,,,,
17/05/2024,Charan Das Plot 19,658,Field Preparation,,,2 times,,,,,,,,1207,,,,,,,,
17/05/2024,Charan Das Plot 19,658,Fertilizer application,,,,8.2,8.2,,,,,,1207,,,,,,,TRUE,
17/05/2024,Charan Das Plot 19,658,sowing,,,,,,6.5,,,,,1207,,,,,,,,
17/05/2024,Charan Das Plot 20,3291,Field Preparation,,,2 times,,,,,,,,1207,,,,,,,,
17/05/2024,Charan Das Plot 20,3291,Fertilizer application,,,,42.5,42.5,,,,,,1207,,,,,,,TRUE,
17/05/2024,Charan Das Plot 20,3291,sowing,,,,,,32.5,,,,,1207,,,,,,,,
17/05/2024,Ramesh Plot 1,4710,Field Preparation,,,2 times,,,,,,,,1207,,,,,,,,
17/05/2024,Ramesh Plot 1,4710,Fertilizer application,,,,58.22,58.22,,,,,,1207,,,,,,,TRUE,
17/05/2024,Ramesh Plot 1,4710,sowing,,,,,,46.5,,,,,1207,,,,,,,,
17/05/2024,Ramesh Plot 2,634,Field Preparation,,,2 times,,,,,,,,1207,,,,,,,,
17/05/2024,Ramesh Plot 2,634,Fertilizer application,,,,7.83,7.83,,,,,,1207,,,,,,,TRUE,
17/05/2024,Ramesh Plot 2,634,sowing,,,,,,6.3,,,,,1207,,,,,,,,
17/05/2024,Ramesh Plot 3,809,Field Preparation,,,2 times,,,,,,,,1207,,,,,,,,
17/05/2024,Ramesh Plot 3,809,Fertilizer application,,,,10,10,,,,,,1207,,,,,,,TRUE,
17/05/2024,Ramesh Plot 3,809,sowing,,,,,,8,,,,,1207,,,,,,,,
17/05/2024,Ramesh Plot 4,917,Field Preparation,,,2 times,,,,,,,,1207,,,,,,,,
17/05/2024,Ramesh Plot 4,917,Fertilizer application,,,,22.7,22.7,,,,,,1207,,,,,,,TRUE,
17/05/2024,Ramesh Plot 4,917,sowing,,,,,,9,,,,,1207,,,,,,,,
18/05/2024,Nain Singh Plot 1,2685,Field Preparation,,,2 times,,,,,,,,8214,,,,,,,,
18/05/2024,Nain Singh Plot 1,2685,Fertilizer application,,,,34,34,,,,,,8214,,,,,,,TRUE,
18/05/2024,Nain Singh Plot 1,2685,sowing,,,,,,26.5,,,,,8214,,,,,,,,
18/05/2024,Nain Singh Plot 2,2792,Field Preparation,,,2 times,,,,,,,,8214,,,,,,,,
18/05/2024,Nain Singh Plot 2,2792,Fertilizer application,,,,35,35,,,,,,8214,,,,,,,TRUE,
18/05/2024,Nain Singh Plot 2,2792,sowing,,,,,,27.65,,,,,8214,,,,,,,,
18/05/2024,Nain Singh Plot 3,773,Field Preparation,,,2 times,,,,,,,,8214,,,,,,,,
18/05/2024,Nain Singh Plot 3,773,Fertilizer application,,,,10,10,,,,,,8214,,,,,,,TRUE,
18/05/2024,Nain Singh Plot 3,773,sowing,,,,,,10,,,,,8214,,,,,,,,
18/05/2024,Nain Singh Plot 4,3355,Field Preparation,,,2 times,,,,,,,,8214,,,,,,,,
18/05/2024,Nain Singh Plot 4,3355,Fertilizer application,,,,42,42,,,,,,8214,,,,,,,TRUE,
18/05/2024,Nain Singh Plot 4,3355,sowing,,,,,,33.2,,,,,8214,,,,,,,,
19/05/2024,Rakesh Plot 1,1534,sowing,,,,,,15.16,,,,,8214,,,,,,,,
18/05/2024,Rakesh Plot 1,1534,Field Preparation,,,2 times,,,,,,,,8214,,,,,,,,
18/05/2024,Rakesh Plot 1,1534,Fertilizer Application,,,,19,19,,,,,,8214,,,,,,,TRUE,
19/05/2024,Rakesh Plot 2,665,sowing,,,,,,6.57,,,,,8214,,,,,,,,
18/05/2024,Rakesh Plot 2,665,Field Preparation,,,2 times,,,,,,,,8214,,,,,,,,
18/05/2024,Rakesh Plot 2,665,Fertilizer Application,,,,8.22,8.22,,,,,,8214,,,,,,,TRUE,
18/05/2024,Rakesh Plot 3,337,Field Preparation,,,2 times,,,,,,,,8214,,,,,,,,
18/05/2024,Rakesh Plot 3,337,Fertilizer application,,,,4.165,4.165,,,,,,8214,,,,,,,TRUE,
18/05/2024,Rakesh Plot 3,337,sowing,,,,,,3.33,,,,,8214,,,,,,,,
19/05/2024,Rakesh Plot 4,578,sowing,,,,,,3.33,,,,,8214,,,,,,,,
18/05/2024,Rakesh Plot 4,578,Field Preparation,,,2 times,,,,,,,,8214,,,,,,,,
18/05/2024,Rakesh Plot 4,578,Fertilizer Application,,,,7.15,7.15,,,,,,8214,,,,,,,TRUE,
19/05/2024,Rakesh Plot 5,89,sowing,,,,,,0.88,,,,,8214,,,,,,,,
18/05/2024,Rakesh Plot 5,89,Field Preparation,,,2 times,,,,,,,,8214,,,,,,,,
18/05/2024,Rakesh Plot 5,89,Fertilizer Application,,,,1.1,1.1,,,,,,8214,,,,,,,TRUE,
19/05/2024,Rakesh Plot 6,95,sowing,,,,,,0.93,,,,,8214,,,,,,,,
18/05/2024,Rakesh Plot 6,95,Field Preparation,,,2 times,,,,,,,,8214,,,,,,,,
18/05/2024,Rakesh Plot 6,95,Fertilizer Application,,,,1.17,1.17,,,,,,8214,,,,,,,TRUE,
19/05/2024,Rakesh Plot 7,45,sowing,,,,,,0.44,,,,,8214,,,,,,,,
18/05/2024,Rakesh Plot 7,45,Field Preparation,,,2 times,,,,,,,,8214,,,,,,,,
18/05/2024,Rakesh Plot 7,45,Fertilizer Application,,,,0.6,0.6,,,,,,8214,,,,,,,TRUE,
19/05/2024,Rakesh Plot 8,525,sowing,,,,,,5.19,,,,,8214,,,,,,,,
18/05/2024,Rakesh Plot 8,525,Field Preparation,,,2 times,,,,,,,,8214,,,,,,,,
18/05/2024,Rakesh Plot 8,525,Fertilizer Application,,,,6.5,6.5,,,,,,8214,,,,,,,TRUE,
19/05/2024,Rakesh Plot 9,420,sowing,,,,,,4.15,,,,,8214,,,,,,,,
18/05/2024,Rakesh Plot 9,420,Field Preparation,,,2 times,,,,,,,,8214,,,,,,,,
18/05/2024,Rakesh Plot 9,420,Fertilizer Application,,,,5.25,5.25,,,,,,8214,,,,,,,TRUE,
19/05/2024,Rakesh Plot 10,385,sowing,,,,,,4.15,,,,,8214,,,,,,,,
18/05/2024,Rakesh Plot 10,385,Field Preparation,,,2 times,,,,,,,,8214,,,,,,,,
18/05/2024,Rakesh Plot 10,385,Fertilizer Application,,,,5,5,,,,,,8214,,,,,,,TRUE,
19/05/2024,Rakesh Plot 11,258,sowing,,,,,,2.55,,,,,8214,,,,,,,,
18/05/2024,Rakesh Plot 11,258,Field Preparation,,,2 times,,,,,,,,8214,,,,,,,,
18/05/2024,Rakesh Plot 11,258,Fertilizer Application,,,,3.25,3.25,,,,,,8214,,,,,,,TRUE,
19/05/2024,Rajendra Plot 1,389,Field Preparation,,,2 times,,,,,,,,8214,,,,,,,,
19/05/2024,Rajendra Plot 1,389,Fertilizer application,,,,4.8,4.8,,,,,,8214,,,,,,,TRUE,
19/05/2024,Rajendra Plot 1,389,sowing,,,,,,3.8,,,,,8214,,,,,,,,
19/05/2024,Rajendra Plot 2,956,Field Preparation,,,2 times,,,,,,,,8214,,,,,,,,
19/05/2024,Rajendra Plot 2,956,Fertilizer application,,,,12.35,12.35,,,,,,8214,,,,,,,TRUE,
19/05/2024,Rajendra Plot 2,956,sowing,,,,,,9.8,,,,,8214,,,,,,,,
19/05/2024,Rajendra Plot 3,661,Field Preparation,,,2 times,,,,,,,,8214,,,,,,,,
19/05/2024,Rajendra Plot 3,661,Fertilizer application,,,,8.25,8.25,,,,,,8214,,,,,,,TRUE,
19/05/2024,Rajendra Plot 3,661,sowing,,,,,,6.63,,,,,8214,,,,,,,,
20/05/2024,Rajendra Plot 4,1034,Field Preparation,,,2 times,,,,,,,,8214,,,,,,,,
20/05/2024,Rajendra Plot 4,1034,Fertilizer application,,,,12.8,12.8,,,,,,8214,,,,,,,TRUE,
20/05/2024,Rajendra Plot 4,1034,sowing,,,,,,10.22,,,,,8214,,,,,,,,
20/05/2024,Rajendra Plot 5,219,Field Preparation,,,2 times,,,,,,,,8214,,,,,,,,
20/05/2024,Rajendra Plot 5,219,Fertilizer application,,,,2.75,2.75,,,,,,8214,,,,,,,TRUE,
20/05/2024,Rajendra Plot 5,219,sowing,,,,,,2.165,,,,,8214,,,,,,,,
20/05/2024,Rajendra Plot 6,157,Field Preparation,,,2 times,,,,,,,,8214,,,,,,,,
20/05/2024,Rajendra Plot 6,157,Fertilizer application,,,,1.94,1.94,,,,,,8214,,,,,,,TRUE,
20/05/2024,Rajendra Plot 6,157,sowing,,,,,,1.55,,,,,8214,,,,,,,,
20/05/2024,Rajendra Plot 7,327,Field Preparation,,,2 times,,,,,,,,8214,,,,,,,,
20/05/2024,Rajendra Plot 7,327,Fertilizer application,,,,4.4,4.4,,,,,,8214,,,,,,,TRUE,
20/05/2024,Rajendra Plot 7,327,sowing,,,,,,3.23,,,,,8214,,,,,,,,
19/05/2024,Rajendra Plot 8,359,Field Preparation,,,2 times,,,,,,,,8214,,,,,,,,
19/05/2024,Rajendra Plot 8,359,Fertilizer application,,,,4.45,4.45,,,,,,8214,,,,,,,TRUE,
19/05/2024,Rajendra Plot 8,359,sowing,,,,,,3.5,,,,,8214,,,,,,,,
19/05/2024,Dinesh plot 1,1757,Field Preparation,,,2 times,,,,,,,,8214,,,,,,,,
19/05/2024,Dinesh plot 1,1757,Fertilizer application,,,,21.75,21.75,,,,,,8214,,,,,,,TRUE,
19/05/2024,Dinesh plot 1,1757,sowing,,,,,,21.71,,,,,8214,,,,,,,,
19/05/2024,Dinesh plot 2,399,Field Preparation,,,2 times,,,,,,,,8214,,,,,,,,
19/05/2024,Dinesh plot 2,399,Fertilizer application,,,,5,5,,,,,,8214,,,,,,,TRUE,
19/05/2024,Dinesh plot 2,399,sowing,,,,,,3.35,,,,,8214,,,,,,,,
19/05/2024,Jay Dev Plot 1,444,Field Preparation,,,2 times,,,,,,,,8214,,,,,,,,
19/05/2024,Jay Dev Plot 1,444,Fertilizer application,,,,4.85,4.85,,,,,,8214,,,,,,,TRUE,
19/05/2024,Jay Dev Plot 1,444,sowing,,,,,,3.84,,,,,8214,,,,,,,,
19/05/2024,Jay Dev Plot 2,389,Field Preparation,,,2 times,,,,,,,,8214,,,,,,,,
19/05/2024,Jay Dev Plot 2,389,Fertilizer application,,,,5,5,,,,,,8214,,,,,,,TRUE,
19/05/2024,Jay Dev Plot 2,389,sowing,,,,,,4.39,,,,,8214,,,,,,,,
19/05/2024,Jay Dev Plot 3,952,Field Preparation,,,2 times,,,,,,,,8214,,,,,,,,
19/05/2024,Jay Dev Plot 3,952,Fertilizer application,,,,11.8,11.8,,,,,,8214,,,,,,,TRUE,
19/05/2024,Jay Dev Plot 3,952,sowing,,,,,,9.41,,,,,8214,,,,,,,,
19/05/2024,Dev Prakash Plot 1,1052,Field Preparation,,,2 times,,,,,,,,8214,,,,,,,,
19/05/2024,Dev Prakash Plot 1,1052,Fertilizer application,,,,13,13,,,,,,8214,,,,,,,TRUE,
19/05/2024,Dev Prakash Plot 1,1052,sowing,,,,,,10.41,,,,,8214,,,,,,,,
19/05/2024,Dev Prakash Plot 2,647,Field Preparation,,,2 times,,,,,,,,8214,,,,,,,,
19/05/2024,Dev Prakash Plot 2,647,Fertilizer application,,,,8,8,,,,,,8214,,,,,,,TRUE,
19/05/2024,Dev Prakash Plot 2,647,sowing,,,,,,6.4,,,,,8214,,,,,,,,
19/05/2024,Dev Prakash Plot 3,728,Field Preparation,,,2 times,,,,,,,,8214,,,,,,,,
19/05/2024,Dev Prakash Plot 3,728,Fertilizer application,,,,9,9,,,,,,8214,,,,,,,TRUE,
19/05/2024,Dev Prakash Plot 3,728,sowing,,,,,,7.2,,,,,8214,,,,,,,,
20/05/2024,Dev Prakash Plot 4,2347,Field Preparation,,,2 times,,,,,,,,8214,,,,,,,,
20/05/2024,Dev Prakash Plot 4,2347,Fertilizer application,,,,28,28,,,,,,8214,,,,,,,TRUE,
20/05/2024,Dev Prakash Plot 4,2347,sowing,,,,,,23,,,,,8214,,,,,,,,
20/05/2024,Mahendra Plot 1,1630,Field Preparation,,,2 times,,,,,,,,8214,,,,,,,,
20/05/2024,Mahendra Plot 1,1630,Fertilizer application,,,,20,20,,,,,,8214,,,,,,,TRUE,
20/05/2024,Mahendra Plot 1,1630,sowing,,,,,,16,,,,,8214,,,,,,,,
22/05/2024,Charan Das Plot 1,1224,Field Visit,,,,,,,40,Gully Channel constructed,,,1207,,,,,,,,
22/05/2024,Charan Das Plot 2,1620,Field Visit,,,,,,,40,Gully Channel constructed,,,1207,,,,,,,,
22/05/2024,Charan Das Plot 3,997,Field Visit,,,,,,,25,Gully Channel constructed,,,1207,,,,,,,,
22/05/2024,Charan Das Plot 4,862,Field Visit,,,,,,,25,Gully Channel constructed,,,1207,,,,,,,,
22/05/2024,Charan Das Plot 5,1249,Field Visit,,,,,,,25,Gully Channel constructed,,,1207,,,,,,,,
22/05/2024,Charan Das Plot 6,3681,Field Visit,,,,,,,25,Gully Channel constructed,,,1207,,,,,,,,
22/05/2024,Charan Das Plot 7,386,Field Visit,,,,,,,25,Gully Channel constructed,,,1207,,,,,,,,
22/05/2024,Charan Das Plot 8,981,Field Visit,,,,,,,25,Gully Channel constructed,,,1207,,,,,,,,
22/05/2024,Charan Das Plot 9,338,Field Visit,,,,,,,25,Gully Channel constructed,,,1207,,,,,,,,
22/05/2024,Charan Das Plot 10,1436,Field Visit,,,,,,,25,Gully Channel constructed,,,1207,,,,,,,,
22/05/2024,Charan Das Plot 11,1382,Field Visit,,,,,,,25,Gully Channel constructed,,,1207,,,,,,,,
22/05/2024,Charan Das Plot 12,1227,Field Visit,,,,,,,25,Gully Channel constructed,,,1207,,,,,,,,
22/05/2024,Charan Das Plot 13,396,Field Visit,,,,,,,25,Gully Channel constructed,,,1207,,,,,,,,
22/05/2024,Charan Das Plot 14,776,Field Visit,,,,,,,25,Gully Channel constructed,,,1207,,,,,,,,
22/05/2024,Charan Das Plot 15,1013,Field Visit,,,,,,,25,Gully Channel constructed,,,1207,,,,,,,,
22/05/2024,Charan Das Plot 16,164,Field Visit,,,,,,,25,Gully Channel constructed,,,1207,,,,,,,,
22/05/2024,Charan Das Plot 17,2781,Field Visit,,,,,,,0,Gully Channel constructed,,,1207,,,,,,,,
22/05/2024,Charan Das Plot 18,938,Field Visit,,,,,,,0,Gully Channel constructed,,,1207,,,,,,,,
22/05/2024,Charan Das Plot 19,658,Field Visit,,,,,,,0,Gully Channel constructed,,,1207,,,,,,,,
22/05/2024,Charan Das Plot 20,3291,Field Visit,,,,,,,0,Gully Channel constructed,,,1207,,,,,,,,
22/05/2024,Rakesh Plot 1,1534,Field Visit,,,,,,,0,,,,8214,,,,,,,,
22/05/2024,Rakesh Plot 2,665,Field Visit,,,,,,,0,,,,8214,,,,,,,,
22/05/2024,Rakesh Plot 3,337,Field Visit,,,,,,,0,,,,8214,,,,,,,,
22/05/2024,Rakesh Plot 4,578,Field Visit,,,,,,,0,,,,8214,,,,,,,,
22/05/2024,Rakesh Plot 5,89,Field Visit,,,,,,,0,,,,8214,,,,,,,,
22/05/2024,Rakesh Plot 6,95,Field Visit,,,,,,,0,,,,8214,,,,,,,,
22/05/2024,Rakesh Plot 7,45,Field Visit,,,,,,,0,,,,8214,,,,,,,,
22/05/2024,Jay Dev Plot 1,444,Field Visit,,,,,,,0,,,,8214,,,,,,,,
22/05/2024,Jay Dev Plot 2,389,Field Visit,,,,,,,0,,,,8214,,,,,,,,
22/05/2024,Jay Dev Plot 3,952,Field Visit,,,,,,,0,,,,8214,,,,,,,,
23/05/2024,Charan Das Plot 1,1224,Field Visit,,,,,,,50,,TRUE,,1207,,,,,,,,
23/05/2024,Charan Das Plot 2,1620,Field Visit,,,,,,,50,,TRUE,,1207,,,,,,,,
23/05/2024,Charan Das Plot 3,997,Field Visit,,,,,,,40,,TRUE,,1207,,,,,,,,
23/05/2024,Charan Das Plot 4,862,Field Visit,,,,,,,40,,TRUE,,1207,,,,,,,,
23/05/2024,Charan Das Plot 5,1249,Field Visit,,,,,,,40,,TRUE,,1207,,,,,,,,
23/05/2024,Charan Das Plot 6,3681,Field Visit,,,,,,,40,,TRUE,,1207,,,,,,,,
23/05/2024,Charan Das Plot 7,386,Field Visit,,,,,,,40,,TRUE,,1207,,,,,,,,
23/05/2024,Charan Das Plot 8,981,Field Visit,,,,,,,40,,TRUE,,1207,,,,,,,,
23/05/2024,Charan Das Plot 9,338,Field Visit,,,,,,,40,,TRUE,,1207,,,,,,,,
23/05/2024,Charan Das Plot 10,1436,Field Visit,,,,,,,40,,TRUE,,1207,,,,,,,,
23/05/2024,Charan Das Plot 11,1382,Field Visit,,,,,,,40,,TRUE,,1207,,,,,,,,
23/05/2024,Charan Das Plot 12,1227,Field Visit,,,,,,,40,,TRUE,,1207,,,,,,,,
23/05/2024,Charan Das Plot 13,396,Field Visit,,,,,,,40,,TRUE,,1207,,,,,,,,
23/05/2024,Charan Das Plot 14,776,Field Visit,,,,,,,40,,TRUE,,1207,,,,,,,,
23/05/2024,Charan Das Plot 15,1013,Field Visit,,,,,,,40,,TRUE,,1207,,,,,,,,
23/05/2024,Charan Das Plot 16,164,Field Visit,,,,,,,40,,TRUE,,1207,,,,,,,,
23/05/2024,Charan Das Plot 17,2781,Field Visit,,,,,,,20,,TRUE,,1207,,,,,,,,
23/05/2024,Charan Das Plot 18,938,Field Visit,,,,,,,0,,TRUE,,1207,,,,,,,,
23/05/2024,Charan Das Plot 19,658,Field Visit,,,,,,,0,,TRUE,,1207,,,,,,,,
23/05/2024,Charan Das Plot 20,3291,Field Visit,,,,,,,0,,,,1207,,,,,,,,
23/05/2024,Nain Singh Plot 1,2685,Field Visit,,,,,,,20,,,,8214,,,,,,,,
23/05/2024,Nain Singh Plot 2,2792,Field Visit,,,,,,,20,,,,8214,,,,,,,,
23/05/2024,Nain Singh Plot 3,773,Field Visit,,,,,,,20,,,,8214,,,,,,,,
23/05/2024,Ramesh Plot 1,4710,Field Visit,,,,,,,0,channels constructed,,,1207,,,,,,,,
23/05/2024,Ramesh Plot 2,634,Field Visit,,,,,,,0,channels constructed,,,1207,,,,,,,,
23/05/2024,Ramesh Plot 3,809,Field Visit,,,,,,,0,channels constructed,,,1207,,,,,,,,
23/05/2024,Ramesh Plot 4,917,Field Visit,,,,,,,0,channels constructed,,,1207,,,,,,,,
23/05/2024,Dev Prakash Plot 1,1052,Field Visit,,,,,,,0,channels constructed,,,8214,,,,,,,,
23/05/2024,Dev Prakash Plot 2,647,Field Visit,,,,,,,0,channels constructed,,,8214,,,,,,,,
23/05/2024,Dev Prakash Plot 3,728,Field Visit,,,,,,,0,channels constructed,,,8214,,,,,,,,
23/05/2024,Rajendra Plot 1,389,Field Visit,,,,,,,0,channels constructed,,,8214,,,,,,,,
23/05/2024,Rajendra Plot 2,956,Field Visit,,,,,,,0,channels constructed,,,8214,,,,,,,,
23/05/2024,Rajendra Plot 3,661,Field Visit,,,,,,,0,channels constructed,,,8214,,,,,,,,
23/05/2024,Rajendra Plot 4,1034,Field Visit,,,,,,,0,channels constructed,,,8214,,,,,,,,
23/05/2024,Rajendra Plot 5,219,Field Visit,,,,,,,0,channels constructed,,,8214,,,,,,,,
23/05/2024,Rajendra Plot 6,157,Field Visit,,,,,,,0,channels constructed,,,8214,,,,,,,,
23/05/2024,Rajendra Plot 7,327,Field Visit,,,,,,,0,channels constructed,,,8214,,,,,,,,
23/05/2024,Dinesh plot 1,1757,Field Visit,,,,,,,0,channels constructed,,,8214,,,,,,,,
23/05/2024,Dinesh plot 2,399,Field Visit,,,,,,,0,channels constructed,,,8214,,,,,,,,
24/05/2024,Rajendra Plot 1,389,Field Visit,,,,,,,0,channels constructed,,,8214,,,,,,,,
24/05/2024,Rajendra Plot 2,956,Field Visit,,,,,,,0,channels constructed,,,8214,,,,,,,,
24/05/2024,Rajendra Plot 3,661,Field Visit,,,,,,,0,channels constructed,,,8214,,,,,,,,
24/05/2024,Rajendra Plot 4,1034,Field Visit,,,,,,,0,channels constructed,,,8214,,,,,,,,
24/05/2024,Rajendra Plot 5,219,Field Visit,,,,,,,0,channels constructed,,,8214,,,,,,,,
24/05/2024,Rajendra Plot 6,157,Field Visit,,,,,,,0,channels constructed,,,8214,,,,,,,,
24/05/2024,Rajendra Plot 7,327,Field Visit,,,,,,,0,channels constructed,,,8214,,,,,,,,
24/05/2024,Rajendra Plot 8,359,Field Visit,,,,,,,0,channels constructed,,,8214,,,,,,,,
24/05/2024,Dev Prakash Plot 1,1052,Field Visit,,,,,,,0,channels constructed,,,8214,,,,,,,,
24/05/2024,Dev Prakash Plot 2,647,Field Visit,,,,,,,0,channels constructed,,,8214,,,,,,,,
24/05/2024,Dev Prakash Plot 3,728,Field Visit,,,,,,,0,channels constructed,,,8214,,,,,,,,
24/05/2024,Dev Prakash Plot 4,2347,Field Visit,,,,,,,0,channels constructed,,,8214,,,,,,,,
24/05/2024,Rakesh Plot 1,1534,Field Visit,,,,,,,20,channels constructed,,,8214,,,,,,,,
24/05/2024,Rakesh Plot 2,665,Field Visit,,,,,,,20,channels constructed,,,8214,,,,,,,,
24/05/2024,Rakesh Plot 3,337,Field Visit,,,,,,,20,channels constructed,,,8214,,,,,,,,
24/05/2024,Rakesh Plot 4,578,Field Visit,,,,,,,20,channels constructed,,,8214,,,,,,,,
24/05/2024,Rakesh Plot 5,89,Field Visit,,,,,,,20,channels constructed,,,8214,,,,,,,,
24/05/2024,Rakesh Plot 6,95,Field Visit,,,,,,,20,channels constructed,,,8214,,,,,,,,
24/05/2024,Rakesh Plot 7,45,Field Visit,,,,,,,20,channels constructed,,,8214,,,,,,,,
24/05/2024,Rakesh Plot 8,525,Field Visit,,,,,,,20,channels constructed,,,8214,,,,,,,,
24/05/2024,Rakesh Plot 9,420,Field Visit,,,,,,,20,channels constructed,,,8214,,,,,,,,
24/05/2024,Rakesh Plot 10,385,Field Visit,,,,,,,20,channels constructed,,,8214,,,,,,,,
24/05/2024,Rakesh Plot 11,258,Field Visit,,,,,,,20,channels constructed,,,8214,,,,,,,,
24/05/2024,Jay Dev Plot 1,444,Field Visit,,,,,,,0,channels constructed,,,8214,,,,,,,,
24/05/2024,Jay Dev Plot 2,389,Field Visit,,,,,,,0,channels constructed,,,8214,,,,,,,,
24/05/2024,Jay Dev Plot 3,952,Field Visit,,,,,,,0,channels constructed,,,8214,,,,,,,,
24/05/2024,Dinesh plot 1,1757,Field Visit,,,,,,,0,channels constructed,,,8214,,,,,,,,
25/05/2024,Charan Das Plot 1,1224,Field Visit,,,,,,,85,,,,1207,,,,,,,,
25/05/2024,Charan Das Plot 2,1620,Field Visit,,,,,,,85,,,,1207,,,,,,,,
25/05/2024,Charan Das Plot 3,997,Field Visit,,,,,,,85,,,,1207,,,,,,,,
25/05/2024,Charan Das Plot 4,862,Field Visit,,,,,,,85,,,,1207,,,,,,,,
25/05/2024,Charan Das Plot 5,1249,Field Visit,,,,,,,85,,,,1207,,,,,,,,
25/05/2024,Charan Das Plot 6,3681,Field Visit,,,,,,,85,,,,1207,,,,,,,,
25/05/2024,Charan Das Plot 7,386,Field Visit,,,,,,,85,,,,1207,,,,,,,,
25/05/2024,Charan Das Plot 8,981,Field Visit,,,,,,,85,,,,1207,,,,,,,,
25/05/2024,Charan Das Plot 9,338,Field Visit,,,,,,,85,,,,1207,,,,,,,,
25/05/2024,Charan Das Plot 10,1436,Field Visit,,,,,,,85,,,,1207,,,,,,,,
25/05/2024,Charan Das Plot 11,1382,Field Visit,,,,,,,85,,,,1207,,,,,,,,
25/05/2024,Charan Das Plot 12,1227,Field Visit,,,,,,,85,,,,1207,,,,,,,,
25/05/2024,Charan Das Plot 13,396,Field Visit,,,,,,,85,,,,1207,,,,,,,,
25/05/2024,Charan Das Plot 14,776,Field Visit,,,,,,,85,,,,1207,,,,,,,,
25/05/2024,Charan Das Plot 15,1013,Field Visit,,,,,,,85,,,,1207,,,,,,,,
25/05/2024,Charan Das Plot 16,164,Field Visit,,,,,,,85,,,,1207,,,,,,,,
25/05/2024,Charan Das Plot 17,2781,Field Visit,,,,,,,85,,,,1207,,,,,,,,
25/05/2024,Charan Das Plot 18,938,Field Visit,,,,,,,85,,,,1207,,,,,,,,
25/05/2024,Charan Das Plot 19,658,Field Visit,,,,,,,85,,,,1207,,,,,,,,
25/05/2024,Charan Das Plot 20,3291,Field Visit,,,,,,,85,,,,1207,,,,,,,,
25/05/2024,Ramesh Plot 1,4710,Field Visit,,,,,,,85,,,,1207,,,,,,,,
25/05/2024,Ramesh Plot 2,634,Field Visit,,,,,,,85,,,,1207,,,,,,,,
25/05/2024,Ramesh Plot 3,809,Field Visit,,,,,,,85,,,,1207,,,,,,,,
25/05/2024,Ramesh Plot 4,917,Field Visit,,,,,,,85,,,,1207,,,,,,,,
25/05/2024,Nain Singh Plot 1,2685,Field Visit,,,,,,,60,,,,8214,,,,,,,,
25/05/2024,Nain Singh Plot 2,2792,Field Visit,,,,,,,60,,,,8214,,,,,,,,
25/05/2024,Nain Singh Plot 3,773,Field Visit,,,,,,,60,,,,8214,,,,,,,,
25/05/2024,Nain Singh Plot 4,3355,Field Visit,,,,,,,60,,,,8214,,,,,,,,
25/05/2024,Rakesh Plot 1,1534,Field Visit,,,,,,,,,,TRUE,8214,,,,,,,,
25/05/2024,Rakesh Plot 2,665,Field Visit,,,,,,,,,,TRUE,8214,,,,,,,,
25/05/2024,Rakesh Plot 3,337,Field Visit,,,,,,,,,,TRUE,8214,,,,,,,,
25/05/2024,Rakesh Plot 4,578,Field Visit,,,,,,,,,,TRUE,8214,,,,,,,,
25/05/2024,Rakesh Plot 5,89,Field Visit,,,,,,,,,,TRUE,8214,,,,,,,,
27/05/2024,Charan Das Plot 1,1224,Field Visit,,,,,,,90,,,,1207,,,,,,,,
27/05/2024,Charan Das Plot 2,1620,Field Visit,,,,,,,91.2,,,,1207,,,,,,,,
27/05/2024,Charan Das Plot 3,997,Field Visit,,,,,,,92.8,,,,1207,,,,,,,,
27/05/2024,Charan Das Plot 4,862,Field Visit,,,,,,,95.2,,,,1207,,,,,,,,
27/05/2024,Charan Das Plot 5,1249,Field Visit,,,,,,,95.2,,,,1207,,,,,,,,
27/05/2024,Charan Das Plot 6,3681,Field Visit,,,,,,,93.2,,,,1207,,,,,,,,
27/05/2024,Charan Das Plot 7,386,Field Visit,,,,,,,91.2,,,,1207,,,,,,,,
27/05/2024,Charan Das Plot 8,981,Field Visit,,,,,,,95.6,,,,1207,,,,,,,,
27/05/2024,Charan Das Plot 9,338,Field Visit,,,,,,,94.4,,,,1207,,,,,,,,
27/05/2024,Charan Das Plot 10,1436,Field Visit,,,,,,,94,,,,1207,,,,,,,,
27/05/2024,Charan Das Plot 11,1382,Field Visit,,,,,,,92.8,,,,1207,,,,,,,,
27/05/2024,Charan Das Plot 12,1227,Field Visit,,,,,,,92,,,,1207,,,,,,,,
27/05/2024,Charan Das Plot 13,396,Field Visit,,,,,,,95.2,,,,1207,,,,,,,,
27/05/2024,Charan Das Plot 14,776,Field Visit,,,,,,,94.4,,,,1207,,,,,,,,
27/05/2024,Charan Das Plot 15,1013,Field Visit,,,,,,,94,,,,1207,,,,,,,,
27/05/2024,Charan Das Plot 16,164,Field Visit,,,,,,,80,,,,1207,,,,,,,,
27/05/2024,Charan Das Plot 17,2781,Field Visit,,,,,,,92.8,,,,1207,,,,,,,,
27/05/2024,Charan Das Plot 18,938,Field Visit,,,,,,,92,,,,1207,,,,,,,,
27/05/2024,Charan Das Plot 19,658,Field Visit,,,,,,,90,,,,1207,,,,,,,,
27/05/2024,Charan Das Plot 20,3291,Field Visit,,,,,,,91.2,,,TRUE,1207,,,,,,,,
27/05/2024,Ramesh Plot 1,4710,Field Visit,,,,,,,,,,TRUE,1207,,,,,,,,
27/05/2024,Ramesh Plot 2,634,Field Visit,,,,,,,,,,TRUE,1207,,,,,,,,
27/05/2024,Ramesh Plot 3,809,Field Visit,,,,,,,,,,TRUE,1207,,,,,,,,
27/05/2024,Ramesh Plot 4,917,Field Visit,,,,,,,,,,TRUE,1207,,,,,,,,
28/05/2024,Ramesh Plot 1,4710,Field Visit,,,,,,,92,,,,1207,,,,,,,,
28/05/2024,Ramesh Plot 2,634,Field Visit,,,,,,,92.8,,,,1207,,,,,,,,
28/05/2024,Ramesh Plot 3,809,Field Visit,,,,,,,95.2,,,,1207,,,,,,,,
28/05/2024,Ramesh Plot 4,917,Field Visit,,,,,,,91.2,,,,1207,,,,,,,,
28/05/2024,Nain Singh Plot 1,2685,Field Visit,,,,,,,96,,,,8214,,,,,,,,
28/05/2024,Nain Singh Plot 2,2792,Field Visit,,,,,,,90,,,,8214,,,,,,,,
28/05/2024,Nain Singh Plot 3,773,Field Visit,,,,,,,88,,,,8214,,,,,,,,
28/05/2024,Nain Singh Plot 4,3355,Field Visit,,,,,,,98,,,TRUE,8214,,,,,,,,
28/05/2024,Charan Das Plot 17,2781,Field Visit,,,,,,,,,,TRUE,1207,,,,,,,,
28/05/2024,Ramesh Plot 1,4710,Field Visit,,,,,,,92,,,,1207,,,,,,,,
28/05/2024,Ramesh Plot 2,634,Field Visit,,,,,,,92.8,,,,1207,,,,,,,,
28/05/2024,Ramesh Plot 3,809,Field Visit,,,,,,,95.2,,,,1207,,,,,,,,
28/05/2024,Ramesh Plot 4,917,Field Visit,,,,,,,91.2,,,,1207,,,,,,,,
28/05/2024,Nain Singh Plot 1,2685,Field Visit,,,,,,,96,,,,8214,,,,,,,,
28/05/2024,Nain Singh Plot 2,2792,Field Visit,,,,,,,90,,,,8214,,,,,,,,
28/05/2024,Nain Singh Plot 3,773,Field Visit,,,,,,,88,,,,8214,,,,,,,,
28/05/2024,Nain Singh Plot 4,3355,Field Visit,,,,,,,98,,,TRUE,8214,,,,,,,,
30/05/2024,Rajendra Plot 1,389,Field Visit,,,,,,,84,,,,8214,,,,,,,,
30/05/2024,Rajendra Plot 2,956,Field Visit,,,,,,,90,,,,8214,,,,,,,,
30/05/2024,Rajendra Plot 3,661,Field Visit,,,,,,,92.8,,,,8214,,,,,,,,
30/05/2024,Rajendra Plot 4,1034,Field Visit,,,,,,,91.2,,,,8214,,,,,,,,
30/05/2024,Rajendra Plot 5,219,Field Visit,,,,,,,90.8,,,,8214,,,,,,,,
30/05/2024,Rajendra Plot 6,157,Field Visit,,,,,,,90,,,,8214,,,,,,,,
30/05/2024,Rajendra Plot 7,327,Field Visit,,,,,,,92.8,,,,8214,,,,,,,,
30/05/2024,Rajendra Plot 8,359,Field Visit,,,,,,,94,,,,8214,,,,,,,,
30/05/2024,Dev Prakash Plot 1,1052,Field Visit,,,,,,,92,,,,8214,,,,,,,,
30/05/2024,Dev Prakash Plot 2,647,Field Visit,,,,,,,90.4,,,,8214,,,,,,,,
30/05/2024,Dev Prakash Plot 3,728,Field Visit,,,,,,,94,,,,8214,,,,,,,,
30/05/2024,Dev Prakash Plot 4,2347,Field Visit,,,,,,,94,,,,8214,,,,,,,,
30/05/2024,Rakesh Plot 1,1534,Field Visit,,,,,,,88,,,,8214,,,,,,,,
30/05/2024,Rakesh Plot 2,665,Field Visit,,,,,,,90.4,,,,8214,,,,,,,,
30/05/2024,Rakesh Plot 3,337,Field Visit,,,,,,,91.2,,,,8214,,,,,,,,
30/05/2024,Rakesh Plot 4,578,Field Visit,,,,,,,92,,,,8214,,,,,,,,
30/05/2024,Rakesh Plot 5,89,Field Visit,,,,,,,92.2,,,,8214,,,,,,,,
30/05/2024,Rakesh Plot 6,95,Field Visit,,,,,,,94,,,,8214,,,,,,,,
30/05/2024,Rakesh Plot 7,45,Field Visit,,,,,,,84,,,,8214,,,,,,,,
30/05/2024,Rakesh Plot 8,525,Field Visit,,,,,,,88,,,,8214,,,,,,,,
30/05/2024,Rakesh Plot 9,420,Field Visit,,,,,,,92,,,,8214,,,,,,,,
30/05/2024,Rakesh Plot 10,385,Field Visit,,,,,,,93.2,,,,8214,,,,,,,,
30/05/2024,Rakesh Plot 11,258,Field Visit,,,,,,,96,,,,8214,,,,,,,,
30/05/2024,Jay Dev Plot 1,444,Field Visit,,,,,,,88.4,,,,8214,,,,,,,,
30/05/2024,Jay Dev Plot 2,389,Field Visit,,,,,,,90.4,,,,8214,,,,,,,,
30/05/2024,Jay Dev Plot 3,952,Field Visit,,,,,,,92,,,,8214,,,,,,,,
30/05/2024,Dinesh plot 1,1757,Field Visit,,,,,,,96,,,,8214,,,,,,,,
30/05/2024,Dinesh plot 2,399,Field Visit,,,,,,,94,,,,8214,,,,,,,,
30/05/2024,Charan Das Plot 1,1224,Field Visit,,,,,,,,,,TRUE,1207,,,,,,,,
30/05/2024,Charan Das Plot 2,1620,Field Visit,,,,,,,,,,TRUE,1207,,,,,,,,
30/05/2024,Charan Das Plot 3,997,Field Visit,,,,,,,,,,TRUE,1207,,,,,,,,
30/05/2024,Charan Das Plot 4,862,Field Visit,,,,,,,,,,TRUE,1207,,,,,,,,
30/05/2024,Charan Das Plot 5,1249,Field Visit,,,,,,,,,,TRUE,1207,,,,,,,,
30/05/2024,Charan Das Plot 6,3681,Field Visit,,,,,,,,,,TRUE,1207,,,,,,,,
30/05/2024,Charan Das Plot 7,386,Field Visit,,,,,,,,,,TRUE,1207,,,,,,,,
30/05/2024,Charan Das Plot 8,981,Field Visit,,,,,,,,,,TRUE,1207,,,,,,,,
30/05/2024,Charan Das Plot 9,338,Field Visit,,,,,,,,,,TRUE,1207,,,,,,,,
30/05/2024,Charan Das Plot 10,1436,Field Visit,,,,,,,,,,TRUE,1207,,,,,,,,
30/05/2024,Charan Das Plot 11,1382,Field Visit,,,,,,,,,,TRUE,1207,,,,,,,,
30/05/2024,Charan Das Plot 12,1227,Field Visit,,,,,,,,,,TRUE,1207,,,,,,,,
30/05/2024,Charan Das Plot 13,396,Field Visit,,,,,,,,,,TRUE,1207,,,,,,,,
30/05/2024,Charan Das Plot 14,776,Field Visit,,,,,,,,,,TRUE,1207,,,,,,,,
30/05/2024,Charan Das Plot 15,1013,Field Visit,,,,,,,,,,TRUE,1207,,,,,,,,
30/05/2024,Charan Das Plot 16,164,Field Visit,,,,,,,,,,TRUE,1207,,,,,,,,
30/05/2024,Charan Das Plot 17,2781,Field Visit,,,,,,,,,,TRUE,1207,,,,,,,,
30/05/2024,Charan Das Plot 18,938,Field Visit,,,,,,,,,,TRUE,1207,,,,,,,,
30/05/2024,Charan Das Plot 19,658,Field Visit,,,,,,,,,,TRUE,1207,,,,,,,,
30/05/2024,Charan Das Plot 20,3291,Field Visit,,,,,,,,,,TRUE,1207,,,,,,,,
30/05/2024,Ramesh Plot 1,4710,Field Visit,,,,,,,,,,TRUE,1207,,,,,,,,
30/05/2024,Ramesh Plot 2,634,Field Visit,,,,,,,,,,TRUE,1207,,,,,,,,
30/05/2024,Ramesh Plot 3,809,Field Visit,,,,,,,,,,TRUE,1207,,,,,,,,
30/05/2024,Ramesh Plot 4,917,Field Visit,,,,,,,,,,TRUE,1207,,,,,,,,
30/05/2024,Nain Singh Plot 1,2685,Field Visit,,,,,,,,,,TRUE,8214,,,,,,,,
30/05/2024,Nain Singh Plot 2,2792,Field Visit,,,,,,,,,,TRUE,8214,,,,,,,,
30/05/2024,Nain Singh Plot 3,773,Field Visit,,,,,,,,,,TRUE,8214,,,,,,,,
30/05/2024,Nain Singh Plot 4,3355,Field Visit,,,,,,,,,,TRUE,8214,,,,,,,,
30/05/2024,Rakesh Plot 1,1534,Field Visit,,,,,,,,,,TRUE,8214,,,,,,,,
30/05/2024,Rakesh Plot 2,665,Field Visit,,,,,,,,,,TRUE,8214,,,,,,,,
30/05/2024,Rakesh Plot 3,337,Field Visit,,,,,,,,,,TRUE,8214,,,,,,,,
30/05/2024,Rakesh Plot 4,578,Field Visit,,,,,,,,,,TRUE,8214,,,,,,,,
30/05/2024,Rakesh Plot 5,89,Field Visit,,,,,,,,,,TRUE,8214,,,,,,,,
30/05/2024,Rakesh Plot 6,95,Field Visit,,,,,,,,,,TRUE,8214,,,,,,,,
30/05/2024,Rakesh Plot 7,45,Field Visit,,,,,,,,,,TRUE,8214,,,,,,,,
31/05/2024,Rajendra Plot 1,389,Field Visit,,,,,,,87,,,,,,Normal,,,,,,
31/05/2024,Rajendra Plot 2,956,Crop monitoring observation,,,,,,,93,,,,,,Normal,,,,,,
31/05/2024,Rajendra Plot 3,661,Crop monitoring observation,,,,,,,95.8,,,,,,Normal,,,,,,
31/05/2024,Rajendra Plot 4,1034,Crop monitoring observation,,,,,,,94.2,,,,,,Normal,,,,,,
31/05/2024,Rajendra Plot 5,219,Crop monitoring observation,,,,,,,93.8,,,,,,Normal,,,,,,
31/05/2024,Rajendra Plot 6,157,Crop monitoring observation,,,,,,,93,,,,,,Normal,,,,,,
31/05/2024,Rajendra Plot 7,327,Crop monitoring observation,,,,,,,92.8,,,,,,Normal,,,,,,
31/05/2024,Rajendra Plot 8,359,Crop monitoring observation,,,,,,,97,,,,,,Normal,,,,,,
31/05/2024,Dev Prakash Plot 1,1052,Crop monitoring observation,,,,,,,98,,,,,,Normal,,,,,,
31/05/2024,Dev Prakash Plot 2,647,Crop monitoring observation,,,,,,,93.4,,,,,,Normal,,,,,,
31/05/2024,Dev Prakash Plot 3,728,Crop monitoring observation,,,,,,,97,,,,,,Normal,,,,,,
31/05/2024,Dev Prakash Plot 4,2347,Crop monitoring observation,,,,,,,97,,,,,,Normal,,,,,,
31/05/2024,Jay Dev Plot 1,444,Crop monitoring observation,,,,,,,91.4,,,,,,Normal,,,,,,
31/05/2024,Jay Dev Plot 2,389,Crop monitoring observation,,,,,,,93.4,,,,,,Normal,,,,,,
31/05/2024,Jay Dev Plot 3,952,Crop monitoring observation,,,,,,,95,,,,,,Normal,,,,,,
31/05/2024,Dinesh plot 1,1757,Crop monitoring observation,,,,,,,99,,,,,,Normal,,,,,,
31/05/2024,Dinesh plot 2,399,Crop monitoring observation,,,,,,,97,,,,,,Normal,,,,,,
31/05/2024,Charan Das Plot 1,1224,Crop monitoring observation,,,,,,,,,,,,,Normal,,,,,,
31/05/2024,Charan Das Plot 2,1620,Crop monitoring observation,,,,,,,,,,,,,Normal,,,,,,
31/05/2024,Charan Das Plot 3,997,Crop monitoring observation,,,,,,,,,,,,,Normal,,,,,,
31/05/2024,Charan Das Plot 4,862,Crop monitoring observation,,,,,,,,,,,,,Normal,,,,,,
31/05/2024,Ramesh Plot 1,4710,Crop monitoring observation,,,,,,,,,,,,,Normal,,,,,,
31/05/2024,Ramesh Plot 2,634,Crop monitoring observation,,,,,,,,,,,,,Normal,,,,,,
31/05/2024,Ramesh Plot 3,809,Crop monitoring observation,,,,,,,,,,,,,Normal,,,,,,
31/05/2024,Ramesh Plot 4,917,Crop monitoring observation,,,,,,,,,,,,,Normal,,,,,,
31/05/2024,Nain Singh Plot 1,2685,Crop monitoring observation,,,,,,,,,,,,,Normal,,,,,,
31/05/2024,Nain Singh Plot 2,2792,Crop monitoring observation,,,,,,,,,,,,,Normal,,,,,,
31/05/2024,Nain Singh Plot 3,773,Crop monitoring observation,,,,,,,,,,,,,Normal,,,,,,
31/05/2024,Nain Singh Plot 4,3355,Crop monitoring observation,,,,,,,,,,,,,Normal,,,,,,
31/05/2024,Som Dev Plot 1,6829,Crop monitoring observation,,,,,,,,,,,,,Normal,,,,,,
01/06/2024,Charan Das Plot 1,1224,Crop monitoring observation,,,,,,,,,,,,,Better Growth,Manual Weeding,Moist Soil,,,,
01/06/2024,Charan Das Plot 2,1620,Crop monitoring observation,,,,,,,,,,,,,Better Growth,Manual Weeding,Moist Soil,,,,
01/06/2024,Charan Das Plot 3,997,Crop monitoring observation,,,,,,,,,,,,,Better Growth,,Moist Soil,,,,
01/06/2024,Charan Das Plot 4,862,Crop monitoring observation,,,,,,,,,,,,,Better Growth,,Moist Soil,,,,
01/06/2024,Charan Das Plot 5,1249,Crop monitoring observation,,,,,,,,,,,,,Better Growth,,Moist Soil,,,,
01/06/2024,Charan Das Plot 6,3681,Crop monitoring observation,,,,,,,,,,,,,Better Growth,,Moist Soil,,,,
01/06/2024,Charan Das Plot 7,386,Crop monitoring observation,,,,,,,,,,,,,Better Growth,,Moist Soil,,,,
01/06/2024,Charan Das Plot 8,981,Crop monitoring observation,,,,,,,,,,,,,Better Growth,,Moist Soil,,,,
01/06/2024,Charan Das Plot 9,338,Crop monitoring observation,,,,,,,,,,,,,Better Growth,,Moist Soil,,,,
01/06/2024,Charan Das Plot 10,1436,Crop monitoring observation,,,,,,,,,,,,,Better Growth,,Moist Soil,,,,
01/06/2024,Charan Das Plot 11,1382,Crop monitoring observation,,,,,,,,,,,,,Better Growth,,Moist Soil,,,,
01/06/2024,Charan Das Plot 12,1227,Crop monitoring observation,,,,,,,,,,,,,Better Growth,,Moist Soil,,,,
01/06/2024,Charan Das Plot 13,396,Crop monitoring observation,,,,,,,,,,,,,Better Growth,,Moist Soil,,,,
01/06/2024,Charan Das Plot 14,776,Crop monitoring observation,,,,,,,,,,,,,Better Growth,,Moist Soil,,,,
01/06/2024,Charan Das Plot 15,1013,Crop monitoring observation,,,,,,,,,,,,,Better Growth,,Moist Soil,,,,
01/06/2024,Charan Das Plot 16,164,Crop monitoring observation,,,,,,,,,,,,,Better Growth,,Moist Soil,,,,
01/06/2024,Charan Das Plot 17,2781,Crop monitoring observation,,,,,,,,,,,,,Better Growth,,Moist Soil,,,,
01/06/2024,Charan Das Plot 18,938,Crop monitoring observation,,,,,,,,,,,,,Better Growth,,Moist Soil,,,,
01/06/2024,Charan Das Plot 19,658,Crop monitoring observation,,,,,,,,,,,,,Better Growth,,Moist Soil,,,,
01/06/2024,Charan Das Plot 20,3291,Crop monitoring observation,,,,,,,,,,,,,Better Growth,,Moist Soil,,,,
01/06/2024,Rakesh Plot 1,1534,Crop monitoring observation,,,,,,,,,,,,,Better Growth,,Moist Soil,,,,
01/06/2024,Rakesh Plot 2,665,Crop monitoring observation,,,,,,,,,,,,,Better Growth,,Moist Soil,,,,
01/06/2024,Rakesh Plot 3,337,Crop monitoring observation,,,,,,,,,,,,,Better Growth,,Moist Soil,,,,
01/06/2024,Rakesh Plot 4,578,Crop monitoring observation,,,,,,,,,,,,,Better Growth,,Moist Soil,,,,
01/06/2024,Rakesh Plot 5,89,Crop monitoring observation,,,,,,,,,,,,,Better Growth,,Moist Soil,,,,
01/06/2024,Rakesh Plot 6,95,Crop monitoring observation,,,,,,,,,,,,,Better Growth,,Moist Soil,,,,
01/06/2024,Rakesh Plot 7,45,Crop monitoring observation,,,,,,,,,,,,,Better Growth,,Moist Soil,,,,
01/06/2024,Rakesh Plot 8,525,Crop monitoring observation,,,,,,,,,,,,,Better Growth,,Moist Soil,,,,
01/06/2024,Rakesh Plot 9,420,Crop monitoring observation,,,,,,,,,,,,,Better Growth,,Moist Soil,,,,
01/06/2024,Rakesh Plot 10,385,Crop monitoring observation,,,,,,,,,,,,,Better Growth,,Moist Soil,,,,
01/06/2024,Rakesh Plot 11,258,Crop monitoring observation,,,,,,,,,,,,,Better Growth,,Moist Soil,,,,
01/06/2024,Ramesh Plot 1,4710,Crop monitoring observation,,,,,,,,,,,,,Better Growth,,Moist Soil,,,,
01/06/2024,Ramesh Plot 2,634,Crop monitoring observation,,,,,,,,,,,,,Better Growth,,Moist Soil,,,,
01/06/2024,Ramesh Plot 3,809,Crop monitoring observation,,,,,,,,,,,,,Better Growth,,Moist Soil,,,,
01/06/2024,Ramesh Plot 4,917,Crop monitoring observation,,,,,,,,,,,,,Better Growth,,Moist Soil,,,,
01/06/2024,Nain Singh Plot 1,2685,Crop monitoring observation,,,,,,,,,,,,,Better Growth,,Moist Soil,,,,
01/06/2024,Nain Singh Plot 2,2792,Crop monitoring observation,,,,,,,,,,,,,Better Growth,,Moist Soil,,,,
01/06/2024,Nain Singh Plot 3,773,Crop monitoring observation,,,,,,,,,,,,,Better Growth,,Moist Soil,,,,
01/06/2024,Nain Singh Plot 4,3355,Crop monitoring observation,,,,,,,,,,,,,Better Growth,,Moist Soil,,,,
01/06/2024,Mahendra Plot 1,1630,Crop monitoring observation,,,,,,,,,,,,,Better Growth,Manual Weeding,Moist Soil,,,,
03/06/2024,Charan Das Plot 1,1224,Crop monitoring observation,,,,,,,,,,,,,Better Growth,Manual weeding completed,Slightly Moist Soil,,,,
03/06/2024,Charan Das Plot 2,1620,Crop monitoring observation,,,,,,,,,,,,,Better Growth,Manual weeding completed,Slightly Moist Soil,,,,
03/06/2024,Charan Das Plot 3,997,Crop monitoring observation,,,,,,,,,,,,,Better Growth,Manual weeding completed,Slightly Moist Soil,,,,
03/06/2024,Charan Das Plot 4,862,Crop monitoring observation,,,,,,,,,,,,,Better Growth,Manual weeding completed,Slightly Moist Soil,,,,
03/06/2024,Charan Das Plot 5,1249,Crop monitoring observation,,,,,,,,,,,,,Better Growth,Manual weeding completed,Slightly Moist Soil,,,,
03/06/2024,Charan Das Plot 6,3681,Crop monitoring observation,,,,,,,,,,,,,Better Growth,Manual weeding completed,Slightly Moist Soil,,,,
03/06/2024,Charan Das Plot 7,386,Crop monitoring observation,,,,,,,,,,,,,Better Growth,Manual weeding completed,Slightly Moist Soil,,,,
03/06/2024,Charan Das Plot 8,981,Crop monitoring observation,,,,,,,,,,,,,Better Growth,Manual weeding completed,Slightly Moist Soil,,,,
03/06/2024,Charan Das Plot 9,338,Crop monitoring observation,,,,,,,,,,,,,Better Growth,Manual weeding completed,Slightly Moist Soil,,,,
03/06/2024,Charan Das Plot 10,1436,Crop monitoring observation,,,,,,,,,,,,,Better Growth,Manual weeding completed,Slightly Moist Soil,,,,
03/06/2024,Charan Das Plot 11,1382,Crop monitoring observation,,,,,,,,,,,,,Better Growth,Manual weeding completed,Slightly Moist Soil,,,,
03/06/2024,Charan Das Plot 12,1227,Crop monitoring observation,,,,,,,,,,,,,Better Growth,Manual weeding completed,Slightly Moist Soil,,,,
03/06/2024,Charan Das Plot 13,396,Crop monitoring observation,,,,,,,,,,,,,Better Growth,,Slightly Moist Soil,,,,
03/06/2024,Charan Das Plot 14,776,Crop monitoring observation,,,,,,,,,,,,,Better Growth,,Slightly Moist Soil,Normal,,,
03/06/2024,Charan Das Plot 15,1013,Crop monitoring observation,,,,,,,,,,,,,Better Growth,,Slightly Moist Soil,low,,,
03/06/2024,Charan Das Plot 16,164,Crop monitoring observation,,,,,,,,,,,,,Better Growth,,Slightly Moist Soil,Normal,,,
03/06/2024,Charan Das Plot 17,2781,Crop monitoring observation,,,,,,,,,,,,,Better Growth,,Slightly Moist Soil,Normal,,,
03/06/2024,Charan Das Plot 18,938,Crop monitoring observation,,,,,,,,,,,,,Better Growth,,Slightly Moist Soil,Normal,,,
03/06/2024,Charan Das Plot 19,658,Crop monitoring observation,,,,,,,,,,,,,Better Growth,,Slightly Moist Soil,Normal,,,
03/06/2024,Charan Das Plot 20,3291,Crop monitoring observation,,,,,,,,,,,,,Better Growth,,Slightly Moist Soil,,,,
03/06/2024,Nain Singh Plot 1,2685,Crop monitoring observation,,,,,,,,,,,,,Better Growth,,Slightly Moist Soil,,,,
03/06/2024,Nain Singh Plot 2,2792,Crop monitoring observation,,,,,,,,,,,,,Better Growth,,Slightly Moist Soil,,,,
03/06/2024,Nain Singh Plot 3,773,Crop monitoring observation,,,,,,,,,,,,,Better Growth,,Slightly Moist Soil,,,,
03/06/2024,Nain Singh Plot 4,3355,Crop monitoring observation,,,,,,,,,,,,,Better Growth,,Slightly Moist Soil,,,,
03/06/2024,Ramesh Plot 1,4710,Crop monitoring observation,,,,,,,,,,,,,Better Growth,,Slightly Moist Soil,,,,
03/06/2024,Ramesh Plot 2,634,Crop monitoring observation,,,,,,,,,,,,,Better Growth,,Slightly Moist Soil,,,,
03/06/2024,Ramesh Plot 3,809,Crop monitoring observation,,,,,,,,,,,,,Better Growth,,Slightly Moist Soil,,,,
03/06/2024,Ramesh Plot 4,917,Crop monitoring observation,,,,,,,,,,,,,Better Growth,,Slightly Moist Soil,,,,
04/06/2024,Rajendra Plot 1,389,Crop monitoring observation,,,,,,,,,,,,,Normal Growth Stage,,Low Moist Soil,,,,
04/06/2024,Rajendra Plot 2,956,Crop monitoring observation,,,,,,,,,,,,,Normal Growth Stage,,Low Moist Soil,,,,
04/06/2024,Rajendra Plot 3,661,Crop monitoring observation,,,,,,,,,,,,,Normal Growth Stage,,Low Moist Soil,,,,
04/06/2024,Rajendra Plot 4,1034,Crop monitoring observation,,,,,,,,,,,,,Normal Growth Stage,,Low Moist Soil,,,,
04/06/2024,Rajendra Plot 5,219,Crop monitoring observation,,,,,,,,,,,,,Normal Growth Stage,,Low Moist Soil,,,,
04/06/2024,Rajendra Plot 6,157,Crop monitoring observation,,,,,,,,,,,,,Normal Growth Stage,,Low Moist Soil,,,,
04/06/2024,Rajendra Plot 7,327,Crop monitoring observation,,,,,,,,,,,,,Normal Growth Stage,,Low Moist Soil,,,,
04/06/2024,Rajendra Plot 8,359,Crop monitoring observation,,,,,,,,,,,,,Normal Growth Stage,,Low Moist Soil,,,,
04/06/2024,Dinesh plot 1,1757,Crop monitoring observation,,,,,,,,,,,,,Normal Growth Stage,,Low Moist Soil,,,,
04/06/2024,Dinesh plot 2,399,Crop monitoring observation,,,,,,,,,,,,,Normal Growth Stage,,Low Moist Soil,,,,
04/06/2024,Dev Prakash Plot 1,1052,Crop monitoring observation,,,,,,,,,,,,,Normal Growth Stage,,Low Moist Soil,,,,
04/06/2024,Dev Prakash Plot 2,647,Crop monitoring observation,,,,,,,,,,,,,Normal Growth Stage,,Low Moist Soil,,,,
04/06/2024,Dev Prakash Plot 3,728,Crop monitoring observation,,,,,,,,,,,,,Normal Growth Stage,,Low Moist Soil,,,,
04/06/2024,Dev Prakash Plot 4,2347,Crop monitoring observation,,,,,,,,,,,,,Normal Growth Stage,,Low Moist Soil,,,,
04/06/2024,Jag Dev P1,2833,Crop monitoring observation,,,,,,,,,,,,,Normal Growth Stage,,Low Moist Soil,,,,
04/06/2024,Som Dev Plot 1,6829,Crop monitoring observation,,,,,,,,,,,,,Normal Growth Stage,,Low Moist Soil,,,,
04/06/2024,Jay Dev Plot 1,444,Crop monitoring observation,,,,,,,,,,,,,Normal Growth Stage,,Low Moist Soil,,,,
04/06/2024,Jay Dev Plot 2,389,Crop monitoring observation,,,,,,,,,,,,,Normal Growth Stage,,Low Moist Soil,,,,
04/06/2024,Jay Dev Plot 3,952,Crop monitoring observation,,,,,,,,,,,,,Normal Growth Stage,,Low Moist Soil,,,,
04/06/2024,Rakesh Plot 1,1534,Crop monitoring observation,,,,,,,,,,,,,Better Growth,,Low Moist Soil,,,,
04/06/2024,Rakesh Plot 2,665,Crop monitoring observation,,,,,,,,,,,,,Better Growth,,Low Moist Soil,,,,
04/06/2024,Rakesh Plot 3,337,Crop monitoring observation,,,,,,,,,,,,,Better Growth,,Low Moist Soil,,,,
04/06/2024,Rakesh Plot 4,578,Crop monitoring observation,,,,,,,,,,,,,Better Growth,,Low Moist Soil,,,,
04/06/2024,Rakesh Plot 5,89,Crop monitoring observation,,,,,,,,,,,,,Better Growth,,Low Moist Soil,,,,
04/06/2024,Rakesh Plot 6,95,Crop monitoring observation,,,,,,,,,,,,,Better Growth,,Low Moist Soil,,,,
04/06/2024,Rakesh Plot 7,45,Crop monitoring observation,,,,,,,,,,,,,Better Growth,,Low Moist Soil,,,,
04/06/2024,Rakesh Plot 8,525,Crop monitoring observation,,,,,,,,,,,,,Better Growth,,Low Moist Soil,,,,
04/06/2024,Rakesh Plot 9,420,Crop monitoring observation,,,,,,,,,,,,,Better Growth,,Low Moist Soil,,,,
04/06/2024,Rakesh Plot 10,385,Crop monitoring observation,,,,,,,,,,,,,Better Growth,,Low Moist Soil,,,,
04/06/2024,Rakesh Plot 11,258,Crop monitoring observation,,,,,,,,,,,,,Better Growth,,Low Moist Soil,,,,
05/06/2024,Charan Das Plot 1,1224,Crop monitoring observation,,,,,,,,,,,,,,,,,,,
05/06/2024,Charan Das Plot 2,1620,Crop monitoring observation,,,,,,,,,,,,,,,,,,,
05/06/2024,Charan Das Plot 3,997,Crop monitoring observation,,,,,,,,,,,,,,,,,,,
05/06/2024,Charan Das Plot 4,862,Crop monitoring observation,,,,,,,,,,,,,,,,,,,
05/06/2024,Charan Das Plot 5,1249,Crop monitoring observation,,,,,,,,,,,,,,,,,,,
05/06/2024,Charan Das Plot 6,3681,Crop monitoring observation,,,,,,,,,,,,,,,,,,,
05/06/2024,Charan Das Plot 7,386,Crop monitoring observation,,,,,,,,,,,,,,,,,,,
05/06/2024,Charan Das Plot 8,981,Crop monitoring observation,,,,,,,,,,,,,,,,,,,
05/06/2024,Charan Das Plot 9,338,Crop monitoring observation,,,,,,,,,,,,,,,,,,,
05/06/2024,Charan Das Plot 10,1436,Crop monitoring observation,,,,,,,,,,,,,,,,,,,
05/06/2024,Charan Das Plot 11,1382,Crop monitoring observation,,,,,,,,,,,,,,,,,,,
05/06/2024,Charan Das Plot 12,1227,Crop monitoring observation,,,,,,,,,,,,,,,,,,,
05/06/2024,Charan Das Plot 13,396,Crop monitoring observation,,,,,,,,,,,,,,,,,,,
05/06/2024,Charan Das Plot 14,776,Crop monitoring observation,,,,,,,,,,,,,,,,,,,
05/06/2024,Charan Das Plot 15,1013,Crop monitoring observation,,,,,,,,,,,,,,,,,,,
05/06/2024,Charan Das Plot 16,164,Crop monitoring observation,,,,,,,,,,,,,,,,,,,
05/06/2024,Charan Das Plot 17,2781,Crop monitoring observation,,,,,,,,,,,,,,,,,,,
05/06/2024,Charan Das Plot 18,938,Crop monitoring observation,,,,,,,,,,,,,,,,,,,
05/06/2024,Charan Das Plot 19,658,Crop monitoring observation,,,,,,,,,,,,,,,,,,,
05/06/2024,Charan Das Plot 20,3291,Crop monitoring observation,,,,,,,,,,,,,,,,,,,
05/06/2024,Charan Das Plot 1,1224,Intercultural(weeding operation),,,,,,,,,,,,,,,,,TRUE,,
05/06/2024,Charan Das Plot 2,1620,Intercultural(weeding operation),,,,,,,,,,,,,,,,,TRUE,,
05/06/2024,Charan Das Plot 3,997,Intercultural(weeding operation),,,,,,,,,,,,,,,,,TRUE,,
05/06/2024,Charan Das Plot 4,862,Intercultural(weeding operation),,,,,,,,,,,,,,,,,TRUE,,
05/06/2024,Charan Das Plot 5,1249,Intercultural(weeding operation),,,,,,,,,,,,,,,,,TRUE,,
05/06/2024,Charan Das Plot 6,3681,Intercultural(weeding operation),,,,,,,,,,,,,,,,,TRUE,,
05/06/2024,Charan Das Plot 7,386,Intercultural(weeding operation),,,,,,,,,,,,,,,,,TRUE,,
05/06/2024,Charan Das Plot 8,981,Intercultural(weeding operation),,,,,,,,,,,,,,,,,TRUE,,
05/06/2024,Charan Das Plot 9,338,Intercultural(weeding operation),,,,,,,,,,,,,,,,,TRUE,,
05/06/2024,Charan Das Plot 10,1436,Intercultural(weeding operation),,,,,,,,,,,,,,,,,TRUE,,
05/06/2024,Charan Das Plot 11,1382,Intercultural(weeding operation),,,,,,,,,,,,,,,,,TRUE,,
05/06/2024,Charan Das Plot 12,1227,Intercultural(weeding operation),,,,,,,,,,,,,,,,,TRUE,,
05/06/2024,Charan Das Plot 13,396,Intercultural(weeding operation),,,,,,,,,,,,,,,,,TRUE,,
05/06/2024,Charan Das Plot 14,776,Intercultural(weeding operation),,,,,,,,,,,,,,,,,TRUE,,
05/06/2024,Charan Das Plot 15,1013,Intercultural(weeding operation),,,,,,,,,,,,,,,,,TRUE,,
05/06/2024,Charan Das Plot 16,164,Intercultural(weeding operation),,,,,,,,,,,,,,,,,TRUE,,
05/06/2024,Charan Das Plot 17,2781,Intercultural(weeding operation),,,,,,,,,,,,,,,,,TRUE,,
05/06/2024,Charan Das Plot 18,938,Intercultural(weeding operation),,,,,,,,,,,,,,,,,TRUE,,
05/06/2024,Charan Das Plot 19,658,Intercultural(weeding operation),,,,,,,,,,,,,,,,,TRUE,,
05/06/2024,Charan Das Plot 20,3291,Intercultural(weeding operation),,,,,,,,,,,,,,,,,TRUE,,
05/06/2024,Charan Das Plot 1,1224,Fertiliser,,,,,,,,,,,,,,,,,,TRUE,
05/06/2024,Charan Das Plot 2,1620,Fertiliser,,,,,,,,,,,,,,,,,,TRUE,
05/06/2024,Charan Das Plot 3,997,Fertiliser,,,,,,,,,,,,,,,,,,TRUE,
05/06/2024,Charan Das Plot 4,862,Fertiliser,,,,,,,,,,,,,,,,,,TRUE,
05/06/2024,Charan Das Plot 5,1249,Fertiliser,,,,,,,,,,,,,,,,,,TRUE,
05/06/2024,Charan Das Plot 6,3681,Fertiliser,,,,,,,,,,,,,,,,,,TRUE,
05/06/2024,Charan Das Plot 7,386,Fertiliser,,,,,,,,,,,,,,,,,,TRUE,
05/06/2024,Charan Das Plot 8,981,Fertiliser,,,,,,,,,,,,,,,,,,TRUE,
05/06/2024,Charan Das Plot 9,338,Fertiliser,,,,,,,,,,,,,,,,,,TRUE,
05/06/2024,Charan Das Plot 10,1436,Fertiliser,,,,,,,,,,,,,,,,,,TRUE,
05/06/2024,Charan Das Plot 11,1382,Fertiliser,,,,,,,,,,,,,,,,,,TRUE,
05/06/2024,Charan Das Plot 12,1227,Fertiliser,,,,,,,,,,,,,,,,,,TRUE,
05/06/2024,Charan Das Plot 13,396,Fertiliser,,,,,,,,,,,,,,,,,,TRUE,
05/06/2024,Charan Das Plot 14,776,Fertiliser,,,,,,,,,,,,,,,,,,TRUE,
05/06/2024,Charan Das Plot 15,1013,Fertiliser,,,,,,,,,,,,,,,,,,TRUE,
05/06/2024,Charan Das Plot 16,164,Fertiliser,,,,,,,,,,,,,,,,,,TRUE,
05/06/2024,Charan Das Plot 17,2781,Fertiliser,,,,,,,,,,,,,,,,,,TRUE,
05/06/2024,Charan Das Plot 18,938,Fertiliser,,,,,,,,,,,,,,,,,,TRUE,
05/06/2024,Charan Das Plot 19,658,Fertiliser,,,,,,,,,,,,,,,,,,TRUE,
05/06/2024,Charan Das Plot 20,3291,Fertiliser,,,,,,,,,,,,,,,,,,TRUE,
05/06/2024,Nain Singh Plot 1,2685,Crop monitoring observation,,,,,,,,,,,,,,,,,,,
05/06/2024,Nain Singh Plot 2,2792,Crop monitoring observation,,,,,,,,,,,,,,,,,,,
05/06/2024,Nain Singh Plot 3,773,Crop monitoring observation,,,,,,,,,,,,,,,,,,,
05/06/2024,Nain Singh Plot 4,3355,Crop monitoring observation,,,,,,,,,,,,,,,,,,,
05/06/2024,Nain Singh Plot 1,2685,Intercultural(weeding operation),,,,,,,,,,,,,,,,,TRUE,,
05/06/2024,Nain Singh Plot 2,2792,Intercultural(weeding operation),,,,,,,,,,,,,,,,,TRUE,,
05/06/2024,Nain Singh Plot 3,773,Intercultural(weeding operation),,,,,,,,,,,,,,,,,TRUE,,
05/06/2024,Nain Singh Plot 4,3355,Intercultural(weeding operation),,,,,,,,,,,,,,,,,TRUE,,
05/06/2024,Nain Singh Plot 1,2685,Fertiliser,,,,,,,,,,,,,,,,,,TRUE,
05/06/2024,Nain Singh Plot 2,2792,Fertiliser,,,,,,,,,,,,,,,,,,TRUE,
05/06/2024,Nain Singh Plot 3,773,Fertiliser,,,,,,,,,,,,,,,,,,TRUE,
05/06/2024,Nain Singh Plot 4,3355,Fertiliser,,,,,,,,,,,,,,,,,,TRUE,
05/06/2024,Ramesh Plot 1,4710,Crop monitoring observation,,,,,,,,,,,,,,,,,,,
05/06/2024,Ramesh Plot 2,634,Crop monitoring observation,,,,,,,,,,,,,,,,,,,
05/06/2024,Ramesh Plot 3,809,Crop monitoring observation,,,,,,,,,,,,,,,,,,,
05/06/2024,Ramesh Plot 4,917,Crop monitoring observation,,,,,,,,,,,,,,,,,,,
05/06/2024,Ramesh Plot 1,4710,Intercultural(weeding operation),,,,,,,,,,,,,,,,,TRUE,,
05/06/2024,Ramesh Plot 2,634,Intercultural(weeding operation),,,,,,,,,,,,,,,,,TRUE,,
05/06/2024,Ramesh Plot 3,809,Intercultural(weeding operation),,,,,,,,,,,,,,,,,TRUE,,
05/06/2024,Ramesh Plot 4,917,Intercultural(weeding operation),,,,,,,,,,,,,,,,,TRUE,,
05/06/2024,Ramesh Plot 1,4710,Fertiliser,,,,,,,,,,,,,,,,,,TRUE,
05/06/2024,Ramesh Plot 2,634,Fertiliser,,,,,,,,,,,,,,,,,,TRUE,
05/06/2024,Ramesh Plot 3,809,Fertiliser,,,,,,,,,,,,,,,,,,TRUE,
05/06/2024,Ramesh Plot 4,917,Fertiliser,,,,,,,,,,,,,,,,,,TRUE,
06/06/2024,Jag Dev P1,2833,Crop monitoring observation,,,,,,,,,,,,,,,,,,,
06/06/2024,Som Dev Plot 1,6829,Crop monitoring observation,,,,,,,,,,,,,,,,,,,
06/06/2024,Rajendra Plot 1,389,Crop monitoring observation,,,,,,,,,,,,,,,,,,,
06/06/2024,Rajendra Plot 2,956,Crop monitoring observation,,,,,,,,,,,,,,,,,,,
06/06/2024,Rajendra Plot 3,661,Crop monitoring observation,,,,,,,,,,,,,,,,,,,
06/06/2024,Rajendra Plot 4,1034,Crop monitoring observation,,,,,,,,,,,,,,,,,,,
06/06/2024,Rajendra Plot 5,219,Crop monitoring observation,,,,,,,,,,,,,,,,,,,
06/06/2024,Rajendra Plot 6,157,Crop monitoring observation,,,,,,,,,,,,,,,,,,,
06/06/2024,Rajendra Plot 7,327,Crop monitoring observation,,,,,,,,,,,,,,,,,,,
06/06/2024,Rajendra Plot 8,359,Crop monitoring observation,,,,,,,,,,,,,,,,,,,
06/06/2024,Dev Prakash Plot 1,1052,Crop monitoring observation,,,,,,,,,,,,,,,,,,,
06/06/2024,Dev Prakash Plot 2,647,Crop monitoring observation,,,,,,,,,,,,,,,,,,,
06/06/2024,Dev Prakash Plot 3,728,Crop monitoring observation,,,,,,,,,,,,,,,,,,,
06/06/2024,Dinesh plot 1,1757,Crop monitoring observation,,,,,,,,,,,,,,,,,,,
06/06/2024,Dinesh plot 2,399,Crop monitoring observation,,,,,,,,,,,,,,,,,,,
06/06/2024,Jay Dev Plot 2,389,Crop monitoring observation,,,,,,,,,,,,,,,,,,,
06/06/2024,Jay Dev Plot 3,952,Crop monitoring observation,,,,,,,,,,,,,,,,,,,
06/06/2024,Rakesh Plot 1,1534,Crop monitoring observation,,,,,,,,,,,,,,,,,,,
06/06/2024,Rakesh Plot 2,665,Crop monitoring observation,,,,,,,,,,,,,,,,,,,
06/06/2024,Rakesh Plot 3,337,Crop monitoring observation,,,,,,,,,,,,,,,,,,,
06/06/2024,Rakesh Plot 4,578,Crop monitoring observation,,,,,,,,,,,,,,,,,,,
06/06/2024,Rakesh Plot 5,89,Crop monitoring observation,,,,,,,,,,,,,,,,,,,
06/06/2024,Rakesh Plot 6,95,Crop monitoring observation,,,,,,,,,,,,,,,,,,,
06/06/2024,Rakesh Plot 7,45,Crop monitoring observation,,,,,,,,,,,,,,,,,,,
06/06/2024,Rakesh Plot 8,525,Crop monitoring observation,,,,,,,,,,,,,,,,,,,
06/06/2024,Rakesh Plot 9,420,Crop monitoring observation,,,,,,,,,,,,,,,,,,,
06/06/2024,Rakesh Plot 10,385,Crop monitoring observation,,,,,,,,,,,,,,,,,,,
06/06/2024,Rakesh Plot 11,258,Crop monitoring observation,,,,,,,,,,,,,,,,,,,
07/06/2024,Ramesh Plot 1,4710,Crop monitoring observation,https://aryaag-dev.s3.amazonaws.com/api.aryashakti.com/XCAP5711540139299927283.jpg,,,,,,,,,,,,Normal Growth Stage,,,,,,
07/06/2024,Nain Singh plot 4,3355,Crop monitoring observation,https://aryaag-dev.s3.amazonaws.com/api.aryashakti.com/XCAP5391396103679100571.jpg,,,,,,,,,,,,Normal Growth Stage,,,,,,
07/06/2024,Ramesh plot 2,634,Crop monitoring observation,https://aryaag-dev.s3.amazonaws.com/api.aryashakti.com/XCAP2045736913657865378.jpg,,,,,,,,,,,,Normal Growth Stage,,,,,,
07/06/2024,Ramesh plot 4,917,Crop monitoring observation,https://aryaag-dev.s3.amazonaws.com/api.aryashakti.com/XCAP3148214943215477953.jpg,,,,,,,,,,,,Normal Growth Stage,,,,,,
07/06/2024,Nain Singh plot 3,773,Crop monitoring observation,https://aryaag-dev.s3.amazonaws.com/api.aryashakti.com/XCAP5166587528809309147.jpg,,,,,,,,,,,,Normal Growth Stage,,,,,,
07/06/2024,Nain Singh plot 2,2792,Crop monitoring observation,https://aryaag-dev.s3.amazonaws.com/api.aryashakti.com/XCAP2800500643536176267.jpg,,,,,,,,,,,,Normal Growth Stage,,,,,,
07/06/2024,Ramesh plot 3,809,Crop monitoring observation,https://aryaag-dev.s3.amazonaws.com/api.aryashakti.com/XCAP575902135866396727.jpg,,,,,,,,,,,,Normal Growth Stage,,,,,,
07/06/2024,Nain Singh plot 1,2685,Crop monitoring observation,https://aryaag-dev.s3.amazonaws.com/api.aryashakti.com/XCAP1181116127384691119.jpg,,,,,,,,,,,,Normal Growth Stage,,,,,,
07/06/2024,Charan Das Plot 1,1224,Crop monitoring observation,https://aryaag-dev.s3.amazonaws.com/api.aryashakti.com/XCAP3522453891184552769.jpg,,,,,,,,,,,,Normal Growth Stage,,,,,,
07/06/2024,Charan Das Plot 2,1620,Crop monitoring observation,https://aryaag-dev.s3.amazonaws.com/api.aryashakti.com/XCAP3544222153507377036.jpg,,,,,,,,,,,,Normal Growth Stage,,,,,,
07/06/2024,Charan Das Plot 3,997,Crop monitoring observation,https://aryaag-dev.s3.amazonaws.com/api.aryashakti.com/XCAP4880080136338528952.jpg,,,,,,,,,,,,Normal Growth Stage,,,,,,
07/06/2024,Charan Das Plot 4,862,Crop monitoring observation,https://aryaag-dev.s3.amazonaws.com/api.aryashakti.com/XCAP3463873060030985822.jpg,,,,,,,,,,,,Normal Growth Stage,,,,,,
07/06/2024,Charan Das Plot 5,1249,Crop monitoring observation,https://aryaag-dev.s3.amazonaws.com/api.aryashakti.com/XCAP8630849242348185281.jpg,,,,,,,,,,,,Normal Growth Stage,,,,,,
07/06/2024,Charan Das Plot 6,3681,Crop monitoring observation,https://aryaag-dev.s3.amazonaws.com/api.aryashakti.com/XCAP1489126147703202337.jpg,,,,,,,,,,,,Normal Growth Stage,,,,,,
07/06/2024,Charan Das Plot 7,386,Crop monitoring observation,https://aryaag-dev.s3.amazonaws.com/api.aryashakti.com/XCAP1844061729283356374.jpg,,,,,,,,,,,,Normal Growth Stage,,,,,,
07/06/2024,Charan Das Plot 8,981,Crop monitoring observation,https://aryaag-dev.s3.amazonaws.com/api.aryashakti.com/XCAP1930906916513599582.jpg,,,,,,,,,,,,Normal Growth Stage,,,,,,
07/06/2024,Charan Das Plot 9,338,Crop monitoring observation,https://aryaag-dev.s3.amazonaws.com/api.aryashakti.com/XCAP2069254035639109648.jpg,,,,,,,,,,,,Normal Growth Stage,,,,,,
07/06/2024,Charan Das Plot 10,1436,Crop monitoring observation,https://aryaag-dev.s3.amazonaws.com/api.aryashakti.com/XCAP5321905532042361999.jpg,,,,,,,,,,,,Normal Growth Stage,,,,,,
07/06/2024,Charan Das Plot 11,1382,Crop monitoring observation,https://aryaag-dev.s3.amazonaws.com/api.aryashakti.com/XCAP4059400836760897581.jpg,,,,,,,,,,,,Normal Growth Stage,,,,,,
07/06/2024,Charan Das Plot 12,1227,Crop monitoring observation,https://aryaag-dev.s3.amazonaws.com/api.aryashakti.com/XCAP6598080727403851776.jpg,,,,,,,,,,,,Normal Growth Stage,,,,,,
07/06/2024,Charan Das Plot 13,396,Crop monitoring observation,https://aryaag-dev.s3.amazonaws.com/api.aryashakti.com/XCAP6586732412737926868.jpg,,,,,,,,,,,,Normal Growth Stage,,,,,,
07/06/2024,Charan Das Plot 14,776,Crop monitoring observation,https://aryaag-dev.s3.amazonaws.com/api.aryashakti.com/XCAP6207480272604133090.jpg,,,,,,,,,,,,Normal Growth Stage,,,,,,
07/06/2024,Charan Das Plot 15,1013,Crop monitoring observation,https://aryaag-dev.s3.amazonaws.com/api.aryashakti.com/XCAP4816617197640022677.jpg,,,,,,,,,,,,Normal Growth Stage,,,,,,
07/06/2024,Charan Das Plot 16,164,Crop monitoring observation,https://aryaag-dev.s3.amazonaws.com/api.aryashakti.com/XCAP2857105548997981821.jpg,,,,,,,,,,,,Normal Growth Stage,,,,,,
07/06/2024,Charan Das Plot 17,2781,Crop monitoring observation,https://aryaag-dev.s3.amazonaws.com/api.aryashakti.com/XCAP170186939902733746.jpg,,,,,,,,,,,,Normal Growth Stage,,,,,,
07/06/2024,Charan Das Plot 18,938,Crop monitoring observation,https://aryaag-dev.s3.amazonaws.com/api.aryashakti.com/XCAP9198347558594883574.jpg,,,,,,,,,,,,Normal Growth Stage,,,,,,
07/06/2024,Charan Das Plot 19,658,Crop monitoring observation,https://aryaag-dev.s3.amazonaws.com/api.aryashakti.com/XCAP8087742106112861856.jpg,,,,,,,,,,,,Normal Growth Stage,,,,,,
07/06/2024,Charan Das Plot 20,3291,Crop monitoring observation,https://aryaag-dev.s3.amazonaws.com/api.aryashakti.com/XCAP1817365967430937284.jpg,,,,,,,,,,,,Normal Growth Stage,,,,,,
08/06/2024,Rakesh Plot 1,1534,Crop monitoring observation,https://aryaag-dev.s3.amazonaws.com/api.aryashakti.com/XCAP1265168967147600600.jpg,,,,,,,,,,,,Normal Growth Stage,,,,,,
08/06/2024,Rakesh Plot 2,665,Crop monitoring observation,https://aryaag-dev.s3.amazonaws.com/api.aryashakti.com/XCAP7462989230412885039.jpg,8,,,,,,,,,,,Normal Growth Stage,,,,,,
08/06/2024,Rakesh Plot 3,337,Crop monitoring observation,https://aryaag-dev.s3.amazonaws.com/api.aryashakti.com/XCAP3789944393967769708.jpg,8,,,,,,,,,,,Normal Growth Stage,,,,,,
08/06/2024,Rakesh Plot 4,578,Crop monitoring observation,https://aryaag-dev.s3.amazonaws.com/api.aryashakti.com/XCAP3243328631854153957.jpg,8,,,,,,,,,,,Normal Growth Stage,,,,,,
08/06/2024,Rakesh Plot 5,89,Crop monitoring observation,https://aryaag-dev.s3.amazonaws.com/api.aryashakti.com/XCAP7454125059384495441.jpg,8,,,,,,,,,,,Normal Growth Stage,,,,,,
08/06/2024,Rakesh Plot 6,95,Crop monitoring observation,https://aryaag-dev.s3.amazonaws.com/api.aryashakti.com/XCAP2578614435148556688.jpg,8,,,,,,,,,,,Normal Growth Stage,,,,,,
08/06/2024,Rakesh Plot 7,45,Crop monitoring observation,https://aryaag-dev.s3.amazonaws.com/api.aryashakti.com/XCAP2203996867804889618.jpg,8,,,,,,,,,,,Normal Growth Stage,,,,,,
08/06/2024,Rakesh Plot 8,525,Crop monitoring observation,https://aryaag-dev.s3.amazonaws.com/api.aryashakti.com/XCAP6308517425858249760.jpg,8,,,,,,,,,,,Normal Growth Stage,,,,,,
08/06/2024,Rakesh Plot 9,420,Crop monitoring observation,https://aryaag-dev.s3.amazonaws.com/api.aryashakti.com/XCAP2550701588638657110.jpg,8,,,,,,,,,,,Normal Growth Stage,,,,,,
08/06/2024,Rakesh Plot 10,385,Crop monitoring observation,https://aryaag-dev.s3.amazonaws.com/api.aryashakti.com/XCAP7212531256108840785.jpg,8,,,,,,,,,,,Normal Growth Stage,,,,,,
08/06/2024,Rakesh Plot 11,258,Crop monitoring observation,https://aryaag-dev.s3.amazonaws.com/api.aryashakti.com/XCAP7769427467225543121.jpg,8,,,,,,,,,,,Normal Growth Stage,,,,,,
08/06/2024,Rajendra Plot 1,389,Crop monitoring observation,https://aryaag-dev.s3.amazonaws.com/api.aryashakti.com/XCAP2499906874033607593.jpg,8,,,,,,,,,,,Normal Growth Stage,,,,,,
08/06/2024,Rajendra Plot 2,956,Crop monitoring observation,https://aryaag-dev.s3.amazonaws.com/api.aryashakti.com/XCAP9063897341141438274.jpg,8,,,,,,,,,,,Normal Growth Stage,,,,,,
08/06/2024,Rajendra Plot 3,661,Crop monitoring observation,https://aryaag-dev.s3.amazonaws.com/api.aryashakti.com/XCAP7032898627044369360.jpg,8,,,,,,,,,,,Normal Growth Stage,,,,,,
08/06/2024,Rajendra Plot 4,1034,Crop monitoring observation,https://aryaag-dev.s3.amazonaws.com/api.aryashakti.com/XCAP6549579796903045454.jpg,8,,,,,,,,,,,Normal Growth Stage,,,,,,
08/06/2024,Rajendra Plot 5,219,Crop monitoring observation,https://aryaag-dev.s3.amazonaws.com/api.aryashakti.com/XCAP4711129897469885965.jpg,8,,,,,,,,,,,Normal Growth Stage,,,,,,
08/06/2024,Rajendra Plot 6,157,Crop monitoring observation,https://aryaag-dev.s3.amazonaws.com/api.aryashakti.com/XCAP3102484976326728013.jpg,8,,,,,,,,,,,Normal Growth Stage,,,,,,
08/06/2024,Rajendra Plot 7,327,Crop monitoring observation,https://aryaag-dev.s3.amazonaws.com/api.aryashakti.com/XCAP9004392008477554677.jpg,8,,,,,,,,,,,Normal Growth Stage,,,,,,
08/06/2024,Rajendra Plot 8,359,Crop monitoring observation,https://aryaag-dev.s3.amazonaws.com/api.aryashakti.com/XCAP1784607268041580969.jpg,8,,,,,,,,,,,Normal Growth Stage,,,,,,
08/06/2024,Dev Prakash Plot 1,1052,Crop monitoring observation,https://aryaag-dev.s3.amazonaws.com/api.aryashakti.com/XCAP2390368770314468489.jpg,8,,,,,,,,,,,Normal Growth Stage,,,,,,
08/06/2024,Dev Prakash Plot 2,647,Crop monitoring observation,https://aryaag-dev.s3.amazonaws.com/api.aryashakti.com/XCAP841757541200509064.jpg,8,,,,,,,,,,,Normal Growth Stage,,,,,,
08/06/2024,Dev Prakash Plot 3,728,Crop monitoring observation,https://aryaag-dev.s3.amazonaws.com/api.aryashakti.com/XCAP6135334725922333172.jpg,8,,,,,,,,,,,Normal Growth Stage,,,,,,
08/06/2024,Dev Prakash Plot 4,2347,Crop monitoring observation,https://aryaag-dev.s3.amazonaws.com/api.aryashakti.com/XCAP2694993493379821229.jpg,8,,,,,,,,,,,Normal Growth Stage,,,,,,
08/06/2024,Jag Dev P1,2833,Crop monitoring observation,https://aryaag-dev.s3.amazonaws.com/api.aryashakti.com/XCAP1610104626860057434.jpg,8,,,,,,,,,,,Normal Growth Stage,,,,,,
08/06/2024,Som Dev Plot 1,6829,Crop monitoring observation,https://aryaag-dev.s3.amazonaws.com/api.aryashakti.com/XCAP960230781447839871.jpg,8,,,,,,,,,,,Normal Growth Stage,,,,,,
08/06/2024,Jay Dev Plot 1,444,Crop monitoring observation,https://aryaag-dev.s3.amazonaws.com/api.aryashakti.com/XCAP3053921169178575337.jpg,8,,,,,,,,,,,Normal Growth Stage,,,,,,
08/06/2024,Jay Dev Plot 2,389,Crop monitoring observation,https://aryaag-dev.s3.amazonaws.com/api.aryashakti.com/XCAP4495092723618228286.jpg,8,,,,,,,,,,,Normal Growth Stage,,,,,,
08/06/2024,Jay Dev Plot 3,952,Crop monitoring observation,https://aryaag-dev.s3.amazonaws.com/api.aryashakti.com/XCAP1242678686406586080.jpg,8,,,,,,,,,,,Normal Growth Stage,,,,,,
08/06/2024,Dinesh plot 1,1757,Crop monitoring observation,https://aryaag-dev.s3.amazonaws.com/api.aryashakti.com/XCAP153985633992173908.jpg,8,,,,,,,,,,,Normal Growth Stage,,,,,,
08/06/2024,Dinesh plot 2,399,Crop monitoring observation,https://aryaag-dev.s3.amazonaws.com/api.aryashakti.com/XCAP3806403824574665801.jpg,8,,,,,,,,,,,Normal Growth Stage,,,,,,
10/06/2024,Charan Das Plot 1,1224,Crop monitoring,https://aryaag-dev.s3.amazonaws.com/api.aryashakti.com/XCAP8408794096931042604.jpg,8,,,,,,,,,,,Normal Growth Stage,,,,,,
10/06/2024,Charan Das Plot 2,1620,Crop monitoring,https://aryaag-dev.s3.amazonaws.com/api.aryashakti.com/XCAP4803275916870275030.jpg,8,,,,,,,,,,,Normal Growth Stage,,,,,,
10/06/2024,Charan Das Plot 3,997,Crop monitoring,https://aryaag-dev.s3.amazonaws.com/api.aryashakti.com/XCAP9152718726107622217.jpg,8,,,,,,,,,,,Normal Growth Stage,,,,,,
10/06/2024,Charan Das Plot 4,862,Crop monitoring,https://aryaag-dev.s3.amazonaws.com/api.aryashakti.com/XCAP4492573970228028112.jpg,8,,,,,,,,,,,Normal Growth Stage,,,,,,
10/06/2024,Charan Das Plot 5,1249,Crop monitoring,https://aryaag-dev.s3.amazonaws.com/api.aryashakti.com/XCAP5211250960191065628.jpg,8,,,,,,,,,,,Normal Growth Stage,,,,,,
10/06/2024,Charan Das Plot 6,3681,Crop monitoring,https://aryaag-dev.s3.amazonaws.com/api.aryashakti.com/XCAP8159985116735109187.jpg,8,,,,,,,,,,,Normal Growth Stage,,,,,,
10/06/2024,Charan Das Plot 7,386,Crop monitoring,https://aryaag-dev.s3.amazonaws.com/api.aryashakti.com/XCAP1188570211916379816.jpg,8,,,,,,,,,,,Normal Growth Stage,,,,,,
10/06/2024,Charan Das Plot 8,981,Crop monitoring,https://aryaag-dev.s3.amazonaws.com/api.aryashakti.com/XCAP8369916995777398338.jpg,8,,,,,,,,,,,Normal Growth Stage,,,,,,
10/06/2024,Charan Das Plot 9,338,Crop monitoring,https://aryaag-dev.s3.amazonaws.com/api.aryashakti.com/XCAP2826352512246791130.jpg,8,,,,,,,,,,,Normal Growth Stage,,,,,,
10/06/2024,Charan Das Plot 10,1436,Crop monitoring,https://aryaag-dev.s3.amazonaws.com/api.aryashakti.com/XCAP4510870082431152722.jpg,8,,,,,,,,,,,Normal Growth Stage,,,,,,
10/06/2024,Charan Das Plot 11,1382,Crop monitoring,https://aryaag-dev.s3.amazonaws.com/api.aryashakti.com/XCAP4686489445705074067.jpg,8,,,,,,,,,,,Normal Growth Stage,,,,,,
10/06/2024,Charan Das Plot 12,1227,Crop monitoring,https://aryaag-dev.s3.amazonaws.com/api.aryashakti.com/XCAP7958753929606468007.jpg,8,,,,,,,,,,,Normal Growth Stage,,,,,,
10/06/2024,Charan Das Plot 13,396,Crop monitoring,https://aryaag-dev.s3.amazonaws.com/api.aryashakti.com/XCAP7375419665695201371.jpg,8,,,,,,,,,,,Normal Growth Stage,,,,,,
10/06/2024,Charan Das Plot 14,776,Crop monitoring,https://aryaag-dev.s3.amazonaws.com/api.aryashakti.com/XCAP1481464325890303739.jpg,8,,,,,,,,,,,Normal Growth Stage,,,,,,
10/06/2024,Charan Das Plot 15,1013,Crop monitoring,https://aryaag-dev.s3.amazonaws.com/api.aryashakti.com/XCAP6336274792581835905.jpg,8,,,,,,,,,,,Normal Growth Stage,,,,,,
10/06/2024,Charan Das Plot 16,164,Crop monitoring,https://aryaag-dev.s3.amazonaws.com/api.aryashakti.com/XCAP173725788953395320.jpg,8,,,,,,,,,,,Normal Growth Stage,,,,,,
10/06/2024,Charan Das Plot 17,2781,Crop monitoring,https://aryaag-dev.s3.amazonaws.com/api.aryashakti.com/XCAP1369443808776587360.jpg,8,,,,,,,,,,,Normal Growth Stage,,,,,,
10/06/2024,Charan Das Plot 18,938,Crop monitoring,https://aryaag-dev.s3.amazonaws.com/api.aryashakti.com/XCAP2379549173369766192.jpg,8,,,,,,,,,,,Normal Growth Stage,,,,,,
10/06/2024,Charan Das Plot 19,658,Crop monitoring,https://aryaag-dev.s3.amazonaws.com/api.aryashakti.com/XCAP4973221763488440761.jpg,8,,,,,,,,,,,Normal Growth Stage,,,,,,
10/06/2024,Charan Das Plot 20,3291,Crop monitoring,https://aryaag-dev.s3.amazonaws.com/api.aryashakti.com/XCAP2796944598536220268.jpg,8,,,,,,,,,,,Normal Growth Stage,,,,,,
10/06/2024,Nain Singh plot 4,3355,Crop monitoring,https://aryaag-dev.s3.amazonaws.com/api.aryashakti.com/XCAP2192168257170661361.jpg,8,,,,,,,,,,,Normal Growth Stage,,,,,,
10/06/2024,Nain Singh plot 1,2685,Crop monitoring,https://aryaag-dev.s3.amazonaws.com/api.aryashakti.com/XCAP3397880230153968940.jpg,8,,,,,,,,,,,Normal Growth Stage,,,,,,
10/06/2024,Nain Singh plot 2,2792,Crop monitoring,https://aryaag-dev.s3.amazonaws.com/api.aryashakti.com/XCAP724672070974894608.jpg,8,,,,,,,,,,,Normal Growth Stage,,,,,,
10/06/2024,Nain Singh plot 3,773,Crop monitoring,https://aryaag-dev.s3.amazonaws.com/api.aryashakti.com/XCAP2358766409220701968.jpg,8,,,,,,,,,,,Normal Growth Stage,,,,,,
10/06/2024,Ramesh Plot 1,4710,Crop monitoring,https://aryaag-dev.s3.amazonaws.com/api.aryashakti.com/XCAP1868494604833494518.jpg,8,,,,,,,,,,,Normal Growth Stage,,,,,,
10/06/2024,Ramesh Plot 2,634,Crop monitoring,https://aryaag-dev.s3.amazonaws.com/api.aryashakti.com/XCAP7490601208163362863.jpg,8,,,,,,,,,,,Normal Growth Stage,,,,,,
10/06/2024,Ramesh Plot 3,809,Crop monitoring,https://aryaag-dev.s3.amazonaws.com/api.aryashakti.com/XCAP5916000378019198791.jpg,8,,,,,,,,,,,Normal Growth Stage,,,,,,
10/06/2024,Ramesh Plot 4,917,Crop monitoring,https://aryaag-dev.s3.amazonaws.com/api.aryashakti.com/XCAP1825810150031876517.jpg,8,,,,,,,,,,,Normal Growth Stage,,,,,,
11/06/2024,Jag Dev P1,2833,Crop monitoring,https://aryaag-dev.s3.amazonaws.com/api.aryashakti.com/XCAP1291339699639700146.jpg,8,,,,,,,,,,,Normal Growth Stage,,,,,,
11/06/2024,Som Dev Plot 1,6829,Crop monitoring,https://aryaag-dev.s3.amazonaws.com/api.aryashakti.com/XCAP4549128697010157769.jpg,8,,,,,,,,,,,Normal Growth Stage,,,,,,
11/06/2024,Rajendra Plot 4,1034,Crop monitoring,https://aryaag-dev.s3.amazonaws.com/api.aryashakti.com/XCAP637271702690909364.jpg,8,,,,,,,,,,,Normal Growth Stage,,,,,,
11/06/2024,Rajendra Plot 5,219,Crop monitoring,https://aryaag-dev.s3.amazonaws.com/api.aryashakti.com/XCAP8596900405033147336.jpg,8,,,,,,,,,,,Normal Growth Stage,,,,,,
11/06/2024,Rajendra Plot 6,157,Crop monitoring,https://aryaag-dev.s3.amazonaws.com/api.aryashakti.com/XCAP3288976959177932131.jpg,8,,,,,,,,,,,Normal Growth Stage,,,,,,
11/06/2024,Rajendra Plot 7,327,Crop monitoring,https://aryaag-dev.s3.amazonaws.com/api.aryashakti.com/XCAP6042886275127848093.jpg,8,,,,,,,,,,,Normal Growth Stage,,,,,,
11/06/2024,Dev Prakash Plot 1,1052,Crop monitoring,https://aryaag-dev.s3.amazonaws.com/api.aryashakti.com/XCAP8043890357274055047.jpg,8,,,,,,,,,,,Normal Growth Stage,,,,,,
11/06/2024,Dev Prakash Plot 2,647,Crop monitoring,https://aryaag-dev.s3.amazonaws.com/api.aryashakti.com/XCAP539619337510912104.jpg,8,,,,,,,,,,,Normal Growth Stage,,,,,,
11/06/2024,Dev Prakash Plot 3,728,Crop monitoring,https://aryaag-dev.s3.amazonaws.com/api.aryashakti.com/XCAP4180463553932538728.jpg,8,,,,,,,,,,,Normal Growth Stage,,,,,,
11/06/2024,Dev Prakash Plot 4,2347,Crop monitoring,https://aryaag-dev.s3.amazonaws.com/api.aryashakti.com/XCAP3926024166295938536.jpg,8,,,,,,,,,,,Normal Growth Stage,,,,,,
11/06/2024,Dinesh plot 1,1757,Crop monitoring,https://aryaag-dev.s3.amazonaws.com/api.aryashakti.com/XCAP1959357017654003668.jpg,8,,,,,,,,,,,Normal Growth Stage,,,,,,
11/06/2024,Dinesh plot 2,399,Crop monitoring,https://aryaag-dev.s3.amazonaws.com/api.aryashakti.com/XCAP8437790100153555076.jpg,8,,,,,,,,,,,Normal Growth Stage,,,,,,
11/06/2024,Jay Dev Plot 1,444,Crop monitoring,https://aryaag-dev.s3.amazonaws.com/api.aryashakti.com/XCAP8905812380285400479.jpg,8,,,,,,,,,,,Normal Growth Stage,,,,,,
11/06/2024,Jay Dev Plot 2,389,Crop monitoring,https://aryaag-dev.s3.amazonaws.com/api.aryashakti.com/XCAP1028349435709133608.jpg,8,,,,,,,,,,,Normal Growth Stage,,,,,,
11/06/2024,Jay Dev Plot 3,952,Crop monitoring,https://aryaag-dev.s3.amazonaws.com/api.aryashakti.com/XCAP5742814097561334391.jpg,8,,,,,,,,,,,Normal Growth Stage,,,,,,
11/06/2024,Rajendra Plot 8,359,Crop monitoring,https://aryaag-dev.s3.amazonaws.com/api.aryashakti.com/XCAP5832956638116109258.jpg,8,,,,,,,,,,,Normal Growth Stage,,,,,,
11/06/2024,Rajendra Plot 1,389,Crop monitoring,https://aryaag-dev.s3.amazonaws.com/api.aryashakti.com/XCAP6212829207440797573.jpg,8,,,,,,,,,,,Normal Growth Stage,,,,,,
11/06/2024,Rajendra Plot 2,956,Crop monitoring,https://aryaag-dev.s3.amazonaws.com/api.aryashakti.com/XCAP3464837573383479620.jpg,8,,,,,,,,,,,Normal Growth Stage,,,,,,
11/06/2024,Rajendra Plot 3,661,Crop monitoring,https://aryaag-dev.s3.amazonaws.com/api.aryashakti.com/XCAP8724330931403238915.jpg,8,,,,,,,,,,,Normal Growth Stage,,,,,,
11/06/2024,Rakesh Plot 1,1534,Crop monitoring,https://aryaag-dev.s3.amazonaws.com/api.aryashakti.com/XCAP1313029606086918196.jpg,8,,,,,,,,,,,Normal Growth Stage,,,,,,
11/06/2024,Rakesh Plot 2,665,Crop monitoring,https://aryaag-dev.s3.amazonaws.com/api.aryashakti.com/XCAP7492995971881507303.jpg,8,,,,,,,,,,,Normal Growth Stage,,,,,,
11/06/2024,Rakesh Plot 3,337,Crop monitoring,https://aryaag-dev.s3.amazonaws.com/api.aryashakti.com/XCAP6360063639059616183.jpg,8,,,,,,,,,,,Normal Growth Stage,,,,,,
11/06/2024,Rakesh Plot 4,578,Crop monitoring,https://aryaag-dev.s3.amazonaws.com/api.aryashakti.com/XCAP1202360223333195049.jpg,8,,,,,,,,,,,Normal Growth Stage,,,,,,
11/06/2024,Rakesh Plot 5,89,Crop monitoring,https://aryaag-dev.s3.amazonaws.com/api.aryashakti.com/XCAP2149688234552949923.jpg,8,,,,,,,,,,,Normal Growth Stage,,,,,,
11/06/2024,Rakesh Plot 6,95,Crop monitoring,https://aryaag-dev.s3.amazonaws.com/api.aryashakti.com/XCAP728296487184096633.jpg,8,,,,,,,,,,,Normal Growth Stage,,,,,,
11/06/2024,Rakesh Plot 7,45,Crop monitoring,https://aryaag-dev.s3.amazonaws.com/api.aryashakti.com/XCAP40059129619409283.jpg,8,,,,,,,,,,,Normal Growth Stage,,,,,,
11/06/2024,Rakesh Plot 8,525,Crop monitoring,https://aryaag-dev.s3.amazonaws.com/api.aryashakti.com/XCAP5832956638116109258.jpg,8,,,,,,,,,,,Normal Growth Stage,,,,,,
11/06/2024,Rakesh Plot 9,420,Crop monitoring,https://aryaag-dev.s3.amazonaws.com/api.aryashakti.com/XCAP2069039687361736877.jpg,8,,,,,,,,,,,Normal Growth Stage,,,,,,
11/06/2024,Rakesh Plot 10,385,Crop monitoring,https://aryaag-dev.s3.amazonaws.com/api.aryashakti.com/XCAP4616570518552116563.jpg,8,,,,,,,,,,,Normal Growth Stage,,,,,,
11/06/2024,Rakesh Plot 11,258,Crop monitoring,https://aryaag-dev.s3.amazonaws.com/api.aryashakti.com/XCAP6215040538492650663.jpg,8,,,,,,,,,,,Normal Growth Stage,,,,,,
11/06/2024,Dinesh plot 2,399,Crop monitoring observation,https://aryaag-dev.s3.amazonaws.com/api.aryashakti.com/XCAP8956944382362448268.jpg,,,,,,92,,,,,,,,Low Moisture,,,,
11/06/2024,Dev Prakash Plot 1,1052,Crop monitoring observation,https://aryaag-dev.s3.amazonaws.com/api.aryashakti.com/XCAP6102156559792139333.jpg,,,,,,92,,,,,,,,Low Moisture,,,,
11/06/2024,Rajendra Plot 6,157,Crop monitoring observation,https://aryaag-dev.s3.amazonaws.com/api.aryashakti.com/XCAP1596643472967391896.jpg,,,,,,90,,,,,,,,Low Moisture,,,,
12/06/2024,Charan Das Plot 1,1224,Crop monitoring,,9,,,,,,,,,,,Tillering,,,,,,
12/06/2024,Charan Das Plot 2,1620,Crop monitoring,,9,,,,,,,,,,,Tillering,,,,,,
12/06/2024,Charan Das Plot 3,997,Crop monitoring,,9,,,,,,,,,,,Tillering,,,,,,
12/06/2024,Charan Das Plot 4,862,Crop monitoring,,9,,,,,,,,,,,Tillering,,,,,,
12/06/2024,Charan Das Plot 5,1249,Crop monitoring,,9,,,,,,,,,,,Tillering,,,,,,
12/06/2024,Charan Das Plot 6,3681,Crop monitoring,,9,,,,,,,,,,,Tillering,,,,,,
12/06/2024,Charan Das Plot 7,386,Crop monitoring,,9,,,,,,,,,,,Tillering,,,,,,
12/06/2024,Charan Das Plot 8,981,Crop monitoring,,9,,,,,,,,,,,Tillering,,,,,,
12/06/2024,Charan Das Plot 9,338,Crop monitoring,,9,,,,,,,,,,,Tillering,,,,,,
12/06/2024,Charan Das Plot 10,1436,Crop monitoring,,9,,,,,,,,,,,Tillering,,,,,,
12/06/2024,Charan Das Plot 11,1382,Crop monitoring,,9,,,,,,,,,,,Tillering,,,,,,
12/06/2024,Charan Das Plot 12,1227,Crop monitoring,,9,,,,,,,,,,,Tillering,,,,,,
12/06/2024,Charan Das Plot 13,396,Crop monitoring,,9,,,,,,,,,,,Tillering,,,,,,
12/06/2024,Charan Das Plot 14,776,Crop monitoring,,9,,,,,,,,,,,Tillering,,,,,,
12/06/2024,Charan Das Plot 15,1013,Crop monitoring,,9,,,,,,,,,,,Tillering,,,,,,
12/06/2024,Charan Das Plot 16,164,Crop monitoring,,9,,,,,,,,,,,Tillering,,,,,,
12/06/2024,Charan Das Plot 17,2781,Crop monitoring,,9,,,,,,,,,,,Tillering,,,,,,
12/06/2024,Charan Das Plot 18,938,Crop monitoring,,9,,,,,,,,,,,Tillering,,,,,,
12/06/2024,Charan Das Plot 19,658,Crop monitoring,,9,,,,,,,,,,,Tillering,,,,,,
12/06/2024,Charan Das Plot 20,3291,Crop monitoring,,9,,,,,,,,,,,Tillering,,,,,,
12/06/2024,Charan Das Plot 1,1224,Crop monitoring observation,,,,,,,,,,,,,,,,low,,,45
12/06/2024,Charan Das Plot 2,1620,Crop monitoring observation,,,,,,,,,,,,,,,,low,,,45
12/06/2024,Charan Das Plot 3,997,Crop monitoring observation,,,,,,,,,,,,,,,,low,,,50
12/06/2024,Charan Das Plot 4,862,Crop monitoring observation,,,,,,,,,,,,,,,,low,,,40
12/06/2024,Charan Das Plot 5,1249,Crop monitoring observation,,,,,,,,,,,,,,,,low,,,45
12/06/2024,Charan Das Plot 6,3681,Crop monitoring observation,,,,,,,,,,,,,,,,low,,,50
12/06/2024,Charan Das Plot 7,386,Crop monitoring observation,,,,,,,,,,,,,,,,low,,,50
12/06/2024,Charan Das Plot 8,981,Crop monitoring observation,,,,,,,,,,,,,,,,high,,,
12/06/2024,Charan Das Plot 9,338,Crop monitoring observation,,,,,,,,,,,,,,,,low,,,45
12/06/2024,Charan Das Plot 10,1436,Crop monitoring observation,,,,,,,,,,,,,,,,low,,,40
12/06/2024,Charan Das Plot 11,1382,Crop monitoring observation,,,,,,,,,,,,,,,,low,,,50
12/06/2024,Charan Das Plot 12,1227,Crop monitoring observation,,,,,,,,,,,,,,,,low,,,50
12/06/2024,Charan Das Plot 13,396,Crop monitoring observation,,,,,,,,,,,,,,,,low,,,42
12/06/2024,Charan Das Plot 14,776,Crop monitoring observation,,,,,,,,,,,,,,,,low,,,48
12/06/2024,Charan Das Plot 15,1013,Crop monitoring observation,,,,,,,,,,,,,,,,low,,,50
12/06/2024,Charan Das Plot 16,164,Crop monitoring observation,,,,,,,,,,,,,,,,low,,,
12/06/2024,Charan Das Plot 17,2781,Crop monitoring observation,,,,,,,,,,,,,,,,low,,,45
12/06/2024,Charan Das Plot 18,938,Crop monitoring observation,,,,,,,,,,,,,,,,low,,,50
12/06/2024,Charan Das Plot 19,658,Crop monitoring observation,,,,,,,,,,,,,,,,low,,,40
12/06/2024,Charan Das Plot 20,3291,Crop monitoring observation,,,,,,,,,,,,,,,,low,,,50
12/06/2024,Nain Singh Plot 1,2685,Crop monitoring,,9,,,,,,,,,,,Tillering,,,,,,
12/06/2024,Nain Singh Plot 2,2792,Crop monitoring,,9,,,,,,,,,,,Tillering,,,,,,
12/06/2024,Nain Singh Plot 3,773,Crop monitoring,,9,,,,,,,,,,,Tillering,,,,,,
12/06/2024,Nain Singh Plot 4,3355,Crop monitoring,,9,,,,,,,,,,,Tillering,,,,,,
12/06/2024,Ramesh Plot 1,4710,Crop monitoring,,9,,,,,,,,,,,Tillering,,,,,,
12/06/2024,Ramesh Plot 2,634,Crop monitoring,,9,,,,,,,,,,,Tillering,,,,,,
12/06/2024,Ramesh Plot 3,809,Crop monitoring,,9,,,,,,,,,,,Tillering,,,,,,
12/06/2024,Nain Singh Plot 1,2685,Crop monitoring observation,,,,,,,,,,,,,,,,low,,,50
12/06/2024,Nain Singh Plot 2,2792,Crop monitoring observation,,,,,,,,,,,,,,,,low,,,45
12/06/2024,Nain Singh Plot 3,773,Crop monitoring observation,,,,,,,,,,,,,,,,low,,,45
12/06/2024,Nain Singh Plot 4,3355,Crop monitoring observation,,,,,,,,,,,,,,,,low,,,50
12/06/2024,Ramesh Plot 1,4710,Crop monitoring observation,,,,,,,,,,,,,,,,low,,,45
12/06/2024,Ramesh Plot 2,634,Crop monitoring observation,,,,,,,,,,,,,,,,low,,,45
12/06/2024,Ramesh Plot 3,809,Crop monitoring observation,,,,,,,,,,,,,,,,low,,,45
